{
"meta":{"test_sets":[],"test_metrics":[],"learn_metrics":[{"best_value":"Min","name":"RMSE"}],"launch_mode":"Train","parameters":"","iteration_count":1000,"learn_sets":["learn"],"name":"experiment"},
"iterations":[
{"learn":[8.121866873],"iteration":0,"passed_time":0.2985303598,"remaining_time":298.2318295},
{"learn":[8.017760896],"iteration":1,"passed_time":0.4534173558,"remaining_time":226.2552605},
{"learn":[7.919171197],"iteration":2,"passed_time":0.6158112034,"remaining_time":204.6545899},
{"learn":[7.845942145],"iteration":3,"passed_time":0.7221959553,"remaining_time":179.8267929},
{"learn":[7.774084127],"iteration":4,"passed_time":0.869243935,"remaining_time":172.9795431},
{"learn":[7.72149912],"iteration":5,"passed_time":0.9722731996,"remaining_time":161.0732601},
{"learn":[7.670477926],"iteration":6,"passed_time":1.105952803,"remaining_time":156.8873047},
{"learn":[7.607017509],"iteration":7,"passed_time":1.229294241,"remaining_time":152.4324859},
{"learn":[7.553717229],"iteration":8,"passed_time":1.35280328,"remaining_time":148.9586723},
{"learn":[7.502895766],"iteration":9,"passed_time":1.491877824,"remaining_time":147.6959045},
{"learn":[7.435914148],"iteration":10,"passed_time":1.663123442,"remaining_time":149.5299167},
{"learn":[7.399332081],"iteration":11,"passed_time":1.770045672,"remaining_time":145.7337603},
{"learn":[7.370127328],"iteration":12,"passed_time":1.921126822,"remaining_time":145.8578595},
{"learn":[7.33834715],"iteration":13,"passed_time":2.080955188,"remaining_time":146.5587011},
{"learn":[7.28305019],"iteration":14,"passed_time":2.255201584,"remaining_time":148.0915706},
{"learn":[7.244607718],"iteration":15,"passed_time":2.432797201,"remaining_time":149.6170279},
{"learn":[7.160062886],"iteration":16,"passed_time":2.606782342,"remaining_time":150.7333554},
{"learn":[7.117955793],"iteration":17,"passed_time":2.776296832,"remaining_time":151.462416},
{"learn":[7.052171317],"iteration":18,"passed_time":2.905788334,"remaining_time":150.0304398},
{"learn":[7.029470075],"iteration":19,"passed_time":3.058863048,"remaining_time":149.8842893},
{"learn":[7.002320573],"iteration":20,"passed_time":3.176344755,"remaining_time":148.0781674},
{"learn":[6.944192459],"iteration":21,"passed_time":3.342661915,"remaining_time":148.596516},
{"learn":[6.913863844],"iteration":22,"passed_time":3.508813473,"remaining_time":149.0482941},
{"learn":[6.894075171],"iteration":23,"passed_time":3.658918601,"remaining_time":148.7960231},
{"learn":[6.867806181],"iteration":24,"passed_time":3.852173569,"remaining_time":150.2347692},
{"learn":[6.85394553],"iteration":25,"passed_time":4.042836574,"remaining_time":151.4508778},
{"learn":[6.833730904],"iteration":26,"passed_time":4.250646804,"remaining_time":153.1807163},
{"learn":[6.768863129],"iteration":27,"passed_time":4.463998809,"remaining_time":154.9645301},
{"learn":[6.742312709],"iteration":28,"passed_time":4.650499024,"remaining_time":155.7115363},
{"learn":[6.715180797],"iteration":29,"passed_time":4.845828213,"remaining_time":156.6817789},
{"learn":[6.695748804],"iteration":30,"passed_time":5.051687144,"remaining_time":157.9059627},
{"learn":[6.650642795],"iteration":31,"passed_time":5.238373476,"remaining_time":158.4607976},
{"learn":[6.622251052],"iteration":32,"passed_time":5.414729548,"remaining_time":158.667984},
{"learn":[6.599560197],"iteration":33,"passed_time":5.60575298,"remaining_time":159.2693347},
{"learn":[6.572991034],"iteration":34,"passed_time":5.821750608,"remaining_time":160.513981},
{"learn":[6.552207267],"iteration":35,"passed_time":6.014741975,"remaining_time":161.061424},
{"learn":[6.538110284],"iteration":36,"passed_time":6.162587574,"remaining_time":160.3938333},
{"learn":[6.525115692],"iteration":37,"passed_time":6.372055284,"remaining_time":161.3136101},
{"learn":[6.50627653],"iteration":38,"passed_time":6.55559661,"remaining_time":161.5366242},
{"learn":[6.479758802],"iteration":39,"passed_time":6.739975442,"remaining_time":161.7594106},
{"learn":[6.441583133],"iteration":40,"passed_time":6.917614473,"remaining_time":161.8046897},
{"learn":[6.426675634],"iteration":41,"passed_time":7.093037454,"remaining_time":161.7888067},
{"learn":[6.407562329],"iteration":42,"passed_time":7.28332539,"remaining_time":162.0963349},
{"learn":[6.381994683],"iteration":43,"passed_time":7.41376544,"remaining_time":161.0809036},
{"learn":[6.348883003],"iteration":44,"passed_time":7.549268963,"remaining_time":160.2122635},
{"learn":[6.329244019],"iteration":45,"passed_time":7.751776519,"remaining_time":160.7651043},
{"learn":[6.306885285],"iteration":46,"passed_time":7.977372033,"remaining_time":161.7539478},
{"learn":[6.283307181],"iteration":47,"passed_time":8.192851597,"remaining_time":162.4915567},
{"learn":[6.263366274],"iteration":48,"passed_time":8.404332239,"remaining_time":163.1126522},
{"learn":[6.244582775],"iteration":49,"passed_time":8.594957023,"remaining_time":163.3041834},
{"learn":[6.225841438],"iteration":50,"passed_time":8.754759957,"remaining_time":162.9072},
{"learn":[6.20948513],"iteration":51,"passed_time":8.912183115,"remaining_time":162.4759537},
{"learn":[6.188061506],"iteration":52,"passed_time":9.118445155,"remaining_time":162.9276898},
{"learn":[6.174919838],"iteration":53,"passed_time":9.277083199,"remaining_time":162.5207538},
{"learn":[6.147081589],"iteration":54,"passed_time":9.46116984,"remaining_time":162.5601},
{"learn":[6.098749759],"iteration":55,"passed_time":9.669930533,"remaining_time":163.0074004},
{"learn":[6.081560968],"iteration":56,"passed_time":9.87251013,"remaining_time":163.329422},
{"learn":[6.060866728],"iteration":57,"passed_time":10.06198751,"remaining_time":163.4205558},
{"learn":[6.045566101],"iteration":58,"passed_time":10.26103034,"remaining_time":163.6547382},
{"learn":[6.035162663],"iteration":59,"passed_time":10.47072021,"remaining_time":164.0412833},
{"learn":[6.024680832],"iteration":60,"passed_time":10.69443609,"remaining_time":164.6241883},
{"learn":[6.008646273],"iteration":61,"passed_time":10.89694306,"remaining_time":164.8602031},
{"learn":[5.990693486],"iteration":62,"passed_time":11.0785002,"remaining_time":164.7707093},
{"learn":[5.97790677],"iteration":63,"passed_time":11.20204059,"remaining_time":163.8298436},
{"learn":[5.963976658],"iteration":64,"passed_time":11.30310275,"remaining_time":162.5907858},
{"learn":[5.947810646],"iteration":65,"passed_time":11.46296964,"remaining_time":162.2183886},
{"learn":[5.932777808],"iteration":66,"passed_time":11.6648682,"remaining_time":162.4376423},
{"learn":[5.919678718],"iteration":67,"passed_time":11.86044377,"remaining_time":162.5578469},
{"learn":[5.896630517],"iteration":68,"passed_time":12.0342611,"remaining_time":162.3753201},
{"learn":[5.8785541],"iteration":69,"passed_time":12.20370206,"remaining_time":162.1348988},
{"learn":[5.860505675],"iteration":70,"passed_time":12.40545904,"remaining_time":162.3193161},
{"learn":[5.842176522],"iteration":71,"passed_time":12.58809202,"remaining_time":162.2465193},
{"learn":[5.83081745],"iteration":72,"passed_time":12.77507919,"remaining_time":162.2260056},
{"learn":[5.788866592],"iteration":73,"passed_time":12.98037062,"remaining_time":162.4300432},
{"learn":[5.774355721],"iteration":74,"passed_time":13.18568967,"remaining_time":162.623506},
{"learn":[5.759377245],"iteration":75,"passed_time":13.35761044,"remaining_time":162.4004216},
{"learn":[5.746158728],"iteration":76,"passed_time":13.5386883,"remaining_time":162.2884325},
{"learn":[5.733154819],"iteration":77,"passed_time":13.71305556,"remaining_time":162.0953491},
{"learn":[5.72373033],"iteration":78,"passed_time":13.87658295,"remaining_time":161.7763658},
{"learn":[5.711666129],"iteration":79,"passed_time":14.08136052,"remaining_time":161.9356459},
{"learn":[5.675343729],"iteration":80,"passed_time":14.27478773,"remaining_time":161.9571596},
{"learn":[5.664029349],"iteration":81,"passed_time":14.47937489,"remaining_time":162.0983677},
{"learn":[5.636528052],"iteration":82,"passed_time":14.64678368,"remaining_time":161.8204895},
{"learn":[5.614188736],"iteration":83,"passed_time":14.83495884,"remaining_time":161.771694},
{"learn":[5.597460183],"iteration":84,"passed_time":15.00377998,"remaining_time":161.5112786},
{"learn":[5.582153701],"iteration":85,"passed_time":15.19804116,"remaining_time":161.5233677},
{"learn":[5.558312216],"iteration":86,"passed_time":15.39795561,"remaining_time":161.5900399},
{"learn":[5.508178802],"iteration":87,"passed_time":15.61130995,"remaining_time":161.7899395},
{"learn":[5.493582351],"iteration":88,"passed_time":15.79617752,"remaining_time":161.6889631},
{"learn":[5.475492598],"iteration":89,"passed_time":15.97060165,"remaining_time":161.4805278},
{"learn":[5.465068066],"iteration":90,"passed_time":16.16791014,"remaining_time":161.5014321},
{"learn":[5.457119303],"iteration":91,"passed_time":16.34265316,"remaining_time":161.2948812},
{"learn":[5.438118488],"iteration":92,"passed_time":16.52975364,"remaining_time":161.2095328},
{"learn":[5.429875209],"iteration":93,"passed_time":16.69944398,"remaining_time":160.9542154},
{"learn":[5.414248483],"iteration":94,"passed_time":16.86891785,"remaining_time":160.6986384},
{"learn":[5.3964706],"iteration":95,"passed_time":17.03959555,"remaining_time":160.4561914},
{"learn":[5.376616753],"iteration":96,"passed_time":17.25982751,"remaining_time":160.6765385},
{"learn":[5.361885289],"iteration":97,"passed_time":17.44970542,"remaining_time":160.6085132},
{"learn":[5.344708173],"iteration":98,"passed_time":17.67943127,"remaining_time":160.9006826},
{"learn":[5.334979178],"iteration":99,"passed_time":17.87438002,"remaining_time":160.8694201},
{"learn":[5.317639933],"iteration":100,"passed_time":18.06108748,"remaining_time":160.7615609},
{"learn":[5.304031923],"iteration":101,"passed_time":18.2744567,"remaining_time":160.8868835},
{"learn":[5.292725128],"iteration":102,"passed_time":18.47249089,"remaining_time":160.8720809},
{"learn":[5.218739152],"iteration":103,"passed_time":18.68894953,"remaining_time":161.0124883},
{"learn":[5.200172769],"iteration":104,"passed_time":18.81083801,"remaining_time":160.3400001},
{"learn":[5.182902295],"iteration":105,"passed_time":18.97467591,"remaining_time":160.0317006},
{"learn":[5.171873562],"iteration":106,"passed_time":19.11033194,"remaining_time":159.4909012},
{"learn":[5.144427098],"iteration":107,"passed_time":19.31639001,"remaining_time":159.5390731},
{"learn":[5.130989314],"iteration":108,"passed_time":19.43767222,"remaining_time":158.8895959},
{"learn":[5.075789837],"iteration":109,"passed_time":19.65193045,"remaining_time":159.0019827},
{"learn":[5.058889575],"iteration":110,"passed_time":19.82489025,"remaining_time":158.7777247},
{"learn":[5.04698688],"iteration":111,"passed_time":19.99322251,"remaining_time":158.5176927},
{"learn":[5.038087756],"iteration":112,"passed_time":20.20280997,"remaining_time":158.5831189},
{"learn":[5.015379366],"iteration":113,"passed_time":20.34003981,"remaining_time":158.081362},
{"learn":[5.000726335],"iteration":114,"passed_time":20.4997189,"remaining_time":157.7587064},
{"learn":[4.991769214],"iteration":115,"passed_time":20.60977214,"remaining_time":157.0606773},
{"learn":[4.978686683],"iteration":116,"passed_time":20.77527253,"remaining_time":156.7911594},
{"learn":[4.966466037],"iteration":117,"passed_time":20.94305891,"remaining_time":156.5404912},
{"learn":[4.953709345],"iteration":118,"passed_time":21.12621313,"remaining_time":156.4049896},
{"learn":[4.944621352],"iteration":119,"passed_time":21.2866103,"remaining_time":156.1018089},
{"learn":[4.936095825],"iteration":120,"passed_time":21.50023148,"remaining_time":156.187632},
{"learn":[4.899720333],"iteration":121,"passed_time":21.62824685,"remaining_time":155.6524651},
{"learn":[4.881895315],"iteration":122,"passed_time":21.80944119,"remaining_time":155.5030888},
{"learn":[4.866902844],"iteration":123,"passed_time":22.00528482,"remaining_time":155.4566895},
{"learn":[4.847917596],"iteration":124,"passed_time":22.20211736,"remaining_time":155.4148215},
{"learn":[4.834234268],"iteration":125,"passed_time":22.40153234,"remaining_time":155.3884068},
{"learn":[4.8093383],"iteration":126,"passed_time":22.5912366,"remaining_time":155.2925162},
{"learn":[4.793876027],"iteration":127,"passed_time":22.77318275,"remaining_time":155.1423075},
{"learn":[4.782553771],"iteration":128,"passed_time":22.94680252,"remaining_time":154.9353876},
{"learn":[4.769501771],"iteration":129,"passed_time":23.04510493,"remaining_time":154.224933},
{"learn":[4.760461633],"iteration":130,"passed_time":23.24748964,"remaining_time":154.2142633},
{"learn":[4.750245802],"iteration":131,"passed_time":23.40893918,"remaining_time":153.9315091},
{"learn":[4.739710367],"iteration":132,"passed_time":23.59847394,"remaining_time":153.833661},
{"learn":[4.731601568],"iteration":133,"passed_time":23.77884755,"remaining_time":153.6752386},
{"learn":[4.727504505],"iteration":134,"passed_time":23.97461769,"remaining_time":153.6151429},
{"learn":[4.707337412],"iteration":135,"passed_time":24.19058425,"remaining_time":153.6813588},
{"learn":[4.699654265],"iteration":136,"passed_time":24.34294325,"remaining_time":153.3427739},
{"learn":[4.683054818],"iteration":137,"passed_time":24.52482383,"remaining_time":153.1912909},
{"learn":[4.672971365],"iteration":138,"passed_time":24.7118919,"remaining_time":153.0715031},
{"learn":[4.658160316],"iteration":139,"passed_time":24.90254175,"remaining_time":152.9727564},
{"learn":[4.648690159],"iteration":140,"passed_time":25.07224683,"remaining_time":152.7451066},
{"learn":[4.63647527],"iteration":141,"passed_time":25.25048387,"remaining_time":152.5698251},
{"learn":[4.631695223],"iteration":142,"passed_time":25.45910199,"remaining_time":152.5765763},
{"learn":[4.622271849],"iteration":143,"passed_time":25.61776257,"remaining_time":152.2833664},
{"learn":[4.602636387],"iteration":144,"passed_time":25.82393169,"remaining_time":152.2721489},
{"learn":[4.595559843],"iteration":145,"passed_time":26.01218272,"remaining_time":152.1534523},
{"learn":[4.584481096],"iteration":146,"passed_time":26.21605681,"remaining_time":152.1244657},
{"learn":[4.57544215],"iteration":147,"passed_time":26.38786537,"remaining_time":151.9085223},
{"learn":[4.544861646],"iteration":148,"passed_time":26.60516362,"remaining_time":151.9529815},
{"learn":[4.517634955],"iteration":149,"passed_time":26.8069877,"remaining_time":151.9062636},
{"learn":[4.50690283],"iteration":150,"passed_time":26.99490778,"remaining_time":151.7793159},
{"learn":[4.499116592],"iteration":151,"passed_time":27.1893263,"remaining_time":151.6878204},
{"learn":[4.490842402],"iteration":152,"passed_time":27.37565922,"remaining_time":151.5502181},
{"learn":[4.485849068],"iteration":153,"passed_time":27.57812797,"remaining_time":151.5006251},
{"learn":[4.479208784],"iteration":154,"passed_time":27.72688452,"remaining_time":151.1562414},
{"learn":[4.468687276],"iteration":155,"passed_time":27.86183501,"remaining_time":150.7396715},
{"learn":[4.454016504],"iteration":156,"passed_time":28.01633535,"remaining_time":150.4316605},
{"learn":[4.444468763],"iteration":157,"passed_time":28.19879749,"remaining_time":150.2746044},
{"learn":[4.434830962],"iteration":158,"passed_time":28.38936809,"remaining_time":150.1601168},
{"learn":[4.423158906],"iteration":159,"passed_time":28.54243527,"remaining_time":149.8477852},
{"learn":[4.41440363],"iteration":160,"passed_time":28.68781447,"remaining_time":149.4973686},
{"learn":[4.403060642],"iteration":161,"passed_time":28.84907737,"remaining_time":149.2316471},
{"learn":[4.397439495],"iteration":162,"passed_time":29.00765155,"remaining_time":148.9534009},
{"learn":[4.393492817],"iteration":163,"passed_time":29.23174195,"remaining_time":149.010587},
{"learn":[4.387629531],"iteration":164,"passed_time":29.40554952,"remaining_time":148.8099021},
{"learn":[4.382350086],"iteration":165,"passed_time":29.57625538,"remaining_time":148.5939578},
{"learn":[4.370438439],"iteration":166,"passed_time":29.7526814,"remaining_time":148.4070875},
{"learn":[4.359510405],"iteration":167,"passed_time":29.89505176,"remaining_time":148.0516849},
{"learn":[4.351589458],"iteration":168,"passed_time":30.0454926,"remaining_time":147.7384873},
{"learn":[4.343608708],"iteration":169,"passed_time":30.15540218,"remaining_time":147.2293165},
{"learn":[4.331453961],"iteration":170,"passed_time":30.31074476,"remaining_time":146.9450725},
{"learn":[4.32028188],"iteration":171,"passed_time":30.51621178,"remaining_time":146.9036242},
{"learn":[4.314444146],"iteration":172,"passed_time":30.67805633,"remaining_time":146.6517491},
{"learn":[4.307882156],"iteration":173,"passed_time":30.85243828,"remaining_time":146.4604254},
{"learn":[4.2990392],"iteration":174,"passed_time":31.02756447,"remaining_time":146.2728039},
{"learn":[4.29375743],"iteration":175,"passed_time":31.21108933,"remaining_time":146.1246455},
{"learn":[4.282127382],"iteration":176,"passed_time":31.38233308,"remaining_time":145.9189837},
{"learn":[4.274163679],"iteration":177,"passed_time":31.56046951,"remaining_time":145.745539},
{"learn":[4.268773862],"iteration":178,"passed_time":31.77336373,"remaining_time":145.7314616},
{"learn":[4.245284987],"iteration":179,"passed_time":31.98796065,"remaining_time":145.7229319},
{"learn":[4.23579277],"iteration":180,"passed_time":32.2015081,"remaining_time":145.7073764},
{"learn":[4.229224988],"iteration":181,"passed_time":32.40672875,"remaining_time":145.6522204},
{"learn":[4.205779459],"iteration":182,"passed_time":32.62980151,"remaining_time":145.6751248},
{"learn":[4.188976656],"iteration":183,"passed_time":32.84382451,"remaining_time":145.6552217},
{"learn":[4.181819635],"iteration":184,"passed_time":33.03476267,"remaining_time":145.531522},
{"learn":[4.176503371],"iteration":185,"passed_time":33.23834113,"remaining_time":145.4624176},
{"learn":[4.169135657],"iteration":186,"passed_time":33.41565033,"remaining_time":145.2776669},
{"learn":[4.156887652],"iteration":187,"passed_time":33.61783105,"remaining_time":145.2004192},
{"learn":[4.153301173],"iteration":188,"passed_time":33.77030374,"remaining_time":144.908552},
{"learn":[4.145677578],"iteration":189,"passed_time":33.98638634,"remaining_time":144.8893313},
{"learn":[4.140008546],"iteration":190,"passed_time":34.18959168,"remaining_time":144.8135061},
{"learn":[4.132532632],"iteration":191,"passed_time":34.37262334,"remaining_time":144.6514566},
{"learn":[4.118872961],"iteration":192,"passed_time":34.5729555,"remaining_time":144.561529},
{"learn":[4.116150487],"iteration":193,"passed_time":34.74455828,"remaining_time":144.3511029},
{"learn":[4.113079874],"iteration":194,"passed_time":34.90123287,"remaining_time":144.0794485},
{"learn":[4.100139314],"iteration":195,"passed_time":35.08617767,"remaining_time":143.9249329},
{"learn":[4.090774298],"iteration":196,"passed_time":35.25622323,"remaining_time":143.7093769},
{"learn":[4.085595374],"iteration":197,"passed_time":35.37897554,"remaining_time":143.3027191},
{"learn":[4.07482843],"iteration":198,"passed_time":35.52813524,"remaining_time":143.0052077},
{"learn":[4.071387152],"iteration":199,"passed_time":35.69322167,"remaining_time":142.7728867},
{"learn":[4.066649878],"iteration":200,"passed_time":35.89002012,"remaining_time":142.6672939},
{"learn":[4.062152663],"iteration":201,"passed_time":36.04856986,"remaining_time":142.4096968},
{"learn":[4.05686411],"iteration":202,"passed_time":36.23029305,"remaining_time":142.244057},
{"learn":[4.05348944],"iteration":203,"passed_time":36.38167263,"remaining_time":141.9598599},
{"learn":[4.040015676],"iteration":204,"passed_time":36.58467921,"remaining_time":141.8771706},
{"learn":[4.034150682],"iteration":205,"passed_time":36.78251736,"remaining_time":141.7733922},
{"learn":[4.027005858],"iteration":206,"passed_time":36.96220462,"remaining_time":141.5991704},
{"learn":[4.022337653],"iteration":207,"passed_time":37.13254564,"remaining_time":141.3893084},
{"learn":[4.011627237],"iteration":208,"passed_time":37.31505151,"remaining_time":141.2258648},
{"learn":[4.003745125],"iteration":209,"passed_time":37.49506239,"remaining_time":141.0528537},
{"learn":[3.994492429],"iteration":210,"passed_time":37.68278344,"remaining_time":140.9086073},
{"learn":[3.989417215],"iteration":211,"passed_time":37.83406077,"remaining_time":140.62849},
{"learn":[3.980212529],"iteration":212,"passed_time":38.01298558,"remaining_time":140.4517354},
{"learn":[3.971661629],"iteration":213,"passed_time":38.20868204,"remaining_time":140.3365612},
{"learn":[3.96861819],"iteration":214,"passed_time":38.42035027,"remaining_time":140.2789533},
{"learn":[3.957063563],"iteration":215,"passed_time":38.59084795,"remaining_time":140.0704851},
{"learn":[3.949787976],"iteration":216,"passed_time":38.73304851,"remaining_time":139.7602626},
{"learn":[3.94033547],"iteration":217,"passed_time":38.90517995,"remaining_time":139.5589483},
{"learn":[3.930801007],"iteration":218,"passed_time":39.09551039,"remaining_time":139.4228019},
{"learn":[3.923561548],"iteration":219,"passed_time":39.28473431,"remaining_time":139.2822398},
{"learn":[3.917950198],"iteration":220,"passed_time":39.46695398,"remaining_time":139.1165482},
{"learn":[3.912274293],"iteration":221,"passed_time":39.69083267,"remaining_time":139.0967019},
{"learn":[3.897091395],"iteration":222,"passed_time":39.87821227,"remaining_time":138.9478517},
{"learn":[3.88679012],"iteration":223,"passed_time":40.07040011,"remaining_time":138.8153147},
{"learn":[3.880160657],"iteration":224,"passed_time":40.25564253,"remaining_time":138.6583243},
{"learn":[3.874583979],"iteration":225,"passed_time":40.46217986,"remaining_time":138.5740142},
{"learn":[3.854431945],"iteration":226,"passed_time":40.60280252,"remaining_time":138.2641689},
{"learn":[3.84975941],"iteration":227,"passed_time":40.78901299,"remaining_time":138.1101668},
{"learn":[3.840260846],"iteration":228,"passed_time":40.97752891,"remaining_time":137.9636454},
{"learn":[3.831969631],"iteration":229,"passed_time":41.16647889,"remaining_time":137.8182119},
{"learn":[3.828997552],"iteration":230,"passed_time":41.29752694,"remaining_time":137.479646},
{"learn":[3.821784219],"iteration":231,"passed_time":41.49376159,"remaining_time":137.3586591},
{"learn":[3.808033851],"iteration":232,"passed_time":41.68951144,"remaining_time":137.2354304},
{"learn":[3.802579971],"iteration":233,"passed_time":41.87846028,"remaining_time":137.0893187},
{"learn":[3.796239328],"iteration":234,"passed_time":42.04327949,"remaining_time":136.8642928},
{"learn":[3.786499211],"iteration":235,"passed_time":42.2335426,"remaining_time":136.7221464},
{"learn":[3.777635186],"iteration":236,"passed_time":42.40306528,"remaining_time":136.512822},
{"learn":[3.770787636],"iteration":237,"passed_time":42.61275626,"remaining_time":136.4324381},
{"learn":[3.764802149],"iteration":238,"passed_time":42.78515969,"remaining_time":136.2322449},
{"learn":[3.755208594],"iteration":239,"passed_time":42.99826795,"remaining_time":136.1611818},
{"learn":[3.744190672],"iteration":240,"passed_time":43.20510858,"remaining_time":136.0692009},
{"learn":[3.739240892],"iteration":241,"passed_time":43.38763982,"remaining_time":135.900128},
{"learn":[3.729027772],"iteration":242,"passed_time":43.55549258,"remaining_time":135.6852176},
{"learn":[3.71812928],"iteration":243,"passed_time":43.72133903,"remaining_time":135.4644767},
{"learn":[3.715166589],"iteration":244,"passed_time":43.90883709,"remaining_time":135.3109061},
{"learn":[3.703623836],"iteration":245,"passed_time":44.11804698,"remaining_time":135.2236074},
{"learn":[3.69860949],"iteration":246,"passed_time":44.28430763,"remaining_time":135.0043872},
{"learn":[3.674541152],"iteration":247,"passed_time":44.5194115,"remaining_time":134.9943446},
{"learn":[3.660025439],"iteration":248,"passed_time":44.70502488,"remaining_time":134.8332277},
{"learn":[3.655045671],"iteration":249,"passed_time":44.83745794,"remaining_time":134.5123738},
{"learn":[3.646937291],"iteration":250,"passed_time":45.00535351,"remaining_time":134.2988437},
{"learn":[3.635038391],"iteration":251,"passed_time":45.19274623,"remaining_time":134.1435483},
{"learn":[3.631533277],"iteration":252,"passed_time":45.38706032,"remaining_time":134.008435},
{"learn":[3.622183832],"iteration":253,"passed_time":45.54084809,"remaining_time":133.7538294},
{"learn":[3.617342452],"iteration":254,"passed_time":45.71255999,"remaining_time":133.5523812},
{"learn":[3.609655944],"iteration":255,"passed_time":45.91041166,"remaining_time":133.4271339},
{"learn":[3.59931152],"iteration":256,"passed_time":46.11042002,"remaining_time":133.3075567},
{"learn":[3.577576463],"iteration":257,"passed_time":46.28756966,"remaining_time":133.1216151},
{"learn":[3.574611395],"iteration":258,"passed_time":46.47217112,"remaining_time":132.957061},
{"learn":[3.56827499],"iteration":259,"passed_time":46.65392719,"remaining_time":132.7842543},
{"learn":[3.55803672],"iteration":260,"passed_time":46.81947345,"remaining_time":132.5654823},
{"learn":[3.549467071],"iteration":261,"passed_time":47.02023702,"remaining_time":132.4463165},
{"learn":[3.546165562],"iteration":262,"passed_time":47.14766377,"remaining_time":132.1210198},
{"learn":[3.538513133],"iteration":263,"passed_time":47.34625661,"remaining_time":131.9956245},
{"learn":[3.528631424],"iteration":264,"passed_time":47.5061584,"remaining_time":131.7623639},
{"learn":[3.523939974],"iteration":265,"passed_time":47.70725442,"remaining_time":131.6433261},
{"learn":[3.518790564],"iteration":266,"passed_time":47.82785655,"remaining_time":131.3026923},
{"learn":[3.508010776],"iteration":267,"passed_time":48.01112679,"remaining_time":131.1348687},
{"learn":[3.50705392],"iteration":268,"passed_time":48.19955329,"remaining_time":130.9809422},
{"learn":[3.506537944],"iteration":269,"passed_time":48.30398782,"remaining_time":130.5996708},
{"learn":[3.502869021],"iteration":270,"passed_time":48.47056926,"remaining_time":130.3876199},
{"learn":[3.498110282],"iteration":271,"passed_time":48.65686545,"remaining_time":130.2286693},
{"learn":[3.489035741],"iteration":272,"passed_time":48.79336722,"remaining_time":129.9369156},
{"learn":[3.483408163],"iteration":273,"passed_time":48.91740044,"remaining_time":129.6132581},
{"learn":[3.475941861],"iteration":274,"passed_time":49.06135587,"remaining_time":129.3435746},
{"learn":[3.470368171],"iteration":275,"passed_time":49.23290726,"remaining_time":129.1471915},
{"learn":[3.462422076],"iteration":276,"passed_time":49.4129862,"remaining_time":128.9732456},
{"learn":[3.450528297],"iteration":277,"passed_time":49.58041824,"remaining_time":128.76641},
{"learn":[3.442348227],"iteration":278,"passed_time":49.73025769,"remaining_time":128.5143935},
{"learn":[3.436338296],"iteration":279,"passed_time":49.81891064,"remaining_time":128.1057702},
{"learn":[3.433136561],"iteration":280,"passed_time":49.96331242,"remaining_time":127.8420698},
{"learn":[3.433075964],"iteration":281,"passed_time":50.12294687,"remaining_time":127.6179995},
{"learn":[3.428993016],"iteration":282,"passed_time":50.3151973,"remaining_time":127.4770193},
{"learn":[3.42244016],"iteration":283,"passed_time":50.49527625,"remaining_time":127.3049922},
{"learn":[3.419945587],"iteration":284,"passed_time":50.6424614,"remaining_time":127.0503856},
{"learn":[3.41543982],"iteration":285,"passed_time":50.83973307,"remaining_time":126.9215714},
{"learn":[3.41424133],"iteration":286,"passed_time":50.99673145,"remaining_time":126.6922283},
{"learn":[3.411768456],"iteration":287,"passed_time":51.17063216,"remaining_time":126.5051739},
{"learn":[3.406924158],"iteration":288,"passed_time":51.28913189,"remaining_time":126.1819127},
{"learn":[3.406497443],"iteration":289,"passed_time":51.35289843,"remaining_time":125.7260617},
{"learn":[3.397938746],"iteration":290,"passed_time":51.54637329,"remaining_time":125.5889301},
{"learn":[3.39065104],"iteration":291,"passed_time":51.72558034,"remaining_time":125.4168181},
{"learn":[3.380856739],"iteration":292,"passed_time":51.90165922,"remaining_time":125.2371095},
{"learn":[3.373788262],"iteration":293,"passed_time":52.0392409,"remaining_time":124.9649799},
{"learn":[3.362998714],"iteration":294,"passed_time":52.18181458,"remaining_time":124.7056925},
{"learn":[3.356991598],"iteration":295,"passed_time":52.35014961,"remaining_time":124.5084639},
{"learn":[3.355000185],"iteration":296,"passed_time":52.46836572,"remaining_time":124.1927983},
{"learn":[3.351304378],"iteration":297,"passed_time":52.6482548,"remaining_time":124.0237412},
{"learn":[3.347696748],"iteration":298,"passed_time":52.81999014,"remaining_time":123.8354953},
{"learn":[3.339944332],"iteration":299,"passed_time":52.94656973,"remaining_time":123.541996},
{"learn":[3.334420697],"iteration":300,"passed_time":53.10351021,"remaining_time":123.3201117},
{"learn":[3.329128611],"iteration":301,"passed_time":53.26023343,"remaining_time":123.0981554},
{"learn":[3.327719126],"iteration":302,"passed_time":53.44496653,"remaining_time":122.9410616},
{"learn":[3.325112348],"iteration":303,"passed_time":53.58389165,"remaining_time":122.6789098},
{"learn":[3.318727081],"iteration":304,"passed_time":53.77052276,"remaining_time":122.5262732},
{"learn":[3.316543658],"iteration":305,"passed_time":53.93993283,"remaining_time":122.3343575},
{"learn":[3.308693171],"iteration":306,"passed_time":54.12697293,"remaining_time":122.1823851},
{"learn":[3.301736787],"iteration":307,"passed_time":54.29091989,"remaining_time":121.9783005},
{"learn":[3.296578236],"iteration":308,"passed_time":54.41060987,"remaining_time":121.6755062},
{"learn":[3.287802141],"iteration":309,"passed_time":54.59236595,"remaining_time":121.5120403},
{"learn":[3.283376367],"iteration":310,"passed_time":54.76684725,"remaining_time":121.3323401},
{"learn":[3.277938077],"iteration":311,"passed_time":54.94852205,"remaining_time":121.1685358},
{"learn":[3.273706648],"iteration":312,"passed_time":55.13553886,"remaining_time":121.0163425},
{"learn":[3.265987678],"iteration":313,"passed_time":55.29228508,"remaining_time":120.7977948},
{"learn":[3.263604566],"iteration":314,"passed_time":55.44762364,"remaining_time":120.5765784},
{"learn":[3.258851115],"iteration":315,"passed_time":55.64041945,"remaining_time":120.4368573},
{"learn":[3.256730785],"iteration":316,"passed_time":55.74436812,"remaining_time":120.1053736},
{"learn":[3.251634453],"iteration":317,"passed_time":55.91164598,"remaining_time":119.9111401},
{"learn":[3.251526357],"iteration":318,"passed_time":56.00618595,"remaining_time":119.5617951},
{"learn":[3.239192299],"iteration":319,"passed_time":56.14152439,"remaining_time":119.3007393},
{"learn":[3.233377505],"iteration":320,"passed_time":56.2849818,"remaining_time":119.0576406},
{"learn":[3.227014355],"iteration":321,"passed_time":56.4589951,"remaining_time":118.879499},
{"learn":[3.219683979],"iteration":322,"passed_time":56.64103357,"remaining_time":118.7182035},
{"learn":[3.21314961],"iteration":323,"passed_time":56.8187434,"remaining_time":118.5477486},
{"learn":[3.207394176],"iteration":324,"passed_time":56.94701032,"remaining_time":118.2745599},
{"learn":[3.192778578],"iteration":325,"passed_time":57.07311908,"remaining_time":117.9977983},
{"learn":[3.187844006],"iteration":326,"passed_time":57.22360131,"remaining_time":117.7721213},
{"learn":[3.178858693],"iteration":327,"passed_time":57.39771033,"remaining_time":117.595309},
{"learn":[3.175150141],"iteration":328,"passed_time":57.57058122,"remaining_time":117.4159878},
{"learn":[3.170344999],"iteration":329,"passed_time":57.77527662,"remaining_time":117.3013192},
{"learn":[3.167562532],"iteration":330,"passed_time":57.92935826,"remaining_time":117.0838087},
{"learn":[3.16488388],"iteration":331,"passed_time":58.09904575,"remaining_time":116.89808},
{"learn":[3.163368635],"iteration":332,"passed_time":58.25014027,"remaining_time":116.6752059},
{"learn":[3.158077776],"iteration":333,"passed_time":58.39293628,"remaining_time":116.4362143},
{"learn":[3.155901587],"iteration":334,"passed_time":58.55728807,"remaining_time":116.2405868},
{"learn":[3.152650392],"iteration":335,"passed_time":58.64833774,"remaining_time":115.9002865},
{"learn":[3.144839494],"iteration":336,"passed_time":58.74754983,"remaining_time":115.5775238},
{"learn":[3.138235234],"iteration":337,"passed_time":58.84053546,"remaining_time":115.243889},
{"learn":[3.129971721],"iteration":338,"passed_time":58.95940712,"remaining_time":114.9621478},
{"learn":[3.12155733],"iteration":339,"passed_time":59.07370554,"remaining_time":114.6724872},
{"learn":[3.112639166],"iteration":340,"passed_time":59.29448811,"remaining_time":114.5896412},
{"learn":[3.10806746],"iteration":341,"passed_time":59.47457935,"remaining_time":114.4276995},
{"learn":[3.103468144],"iteration":342,"passed_time":59.65192466,"remaining_time":114.2603921},
{"learn":[3.099891308],"iteration":343,"passed_time":59.81281032,"remaining_time":114.0616383},
{"learn":[3.092095444],"iteration":344,"passed_time":60.03195336,"remaining_time":113.9737085},
{"learn":[3.085292347],"iteration":345,"passed_time":60.21005302,"remaining_time":113.8074413},
{"learn":[3.079468604],"iteration":346,"passed_time":60.37603504,"remaining_time":113.6183023},
{"learn":[3.072739667],"iteration":347,"passed_time":60.55901774,"remaining_time":113.4611482},
{"learn":[3.059680945],"iteration":348,"passed_time":60.80185903,"remaining_time":113.4155021},
{"learn":[3.053569168],"iteration":349,"passed_time":60.96413453,"remaining_time":113.219107},
{"learn":[3.043853781],"iteration":350,"passed_time":61.16783838,"remaining_time":113.0995074},
{"learn":[3.039437228],"iteration":351,"passed_time":61.36526975,"remaining_time":112.9678829},
{"learn":[3.038323841],"iteration":352,"passed_time":61.54664926,"remaining_time":112.8064648},
{"learn":[3.03293137],"iteration":353,"passed_time":61.76507603,"remaining_time":112.7125399},
{"learn":[3.029147621],"iteration":354,"passed_time":61.95796659,"remaining_time":112.5715168},
{"learn":[3.021866826],"iteration":355,"passed_time":62.10721735,"remaining_time":112.3512583},
{"learn":[3.017911413],"iteration":356,"passed_time":62.26736479,"remaining_time":112.151024},
{"learn":[3.015905984],"iteration":357,"passed_time":62.4534485,"remaining_time":111.997525},
{"learn":[3.012135382],"iteration":358,"passed_time":62.64168623,"remaining_time":111.8476905},
{"learn":[3.007116975],"iteration":359,"passed_time":62.83462521,"remaining_time":111.7060004},
{"learn":[3.004877619],"iteration":360,"passed_time":63.04644035,"remaining_time":111.5974387},
{"learn":[3.001689197],"iteration":361,"passed_time":63.21426137,"remaining_time":111.41077},
{"learn":[2.999743216],"iteration":362,"passed_time":63.37582041,"remaining_time":111.2132165},
{"learn":[2.995593885],"iteration":363,"passed_time":63.57219644,"remaining_time":111.0766949},
{"learn":[2.990670201],"iteration":364,"passed_time":63.76876509,"remaining_time":110.9401804},
{"learn":[2.988580374],"iteration":365,"passed_time":63.87458519,"remaining_time":110.6461394},
{"learn":[2.986463303],"iteration":366,"passed_time":64.0350224,"remaining_time":110.4473275},
{"learn":[2.979043033],"iteration":367,"passed_time":64.23274717,"remaining_time":110.3127614},
{"learn":[2.975127117],"iteration":368,"passed_time":64.40501733,"remaining_time":110.134325},
{"learn":[2.97062968],"iteration":369,"passed_time":64.59919047,"remaining_time":109.9932162},
{"learn":[2.967521927],"iteration":370,"passed_time":64.76062738,"remaining_time":109.7963197},
{"learn":[2.960911393],"iteration":371,"passed_time":64.92876915,"remaining_time":109.6109329},
{"learn":[2.951093178],"iteration":372,"passed_time":65.16301275,"remaining_time":109.5367533},
{"learn":[2.947285531],"iteration":373,"passed_time":65.40296049,"remaining_time":109.4712654},
{"learn":[2.944154692],"iteration":374,"passed_time":65.5844848,"remaining_time":109.3074747},
{"learn":[2.939766864],"iteration":375,"passed_time":65.78872667,"remaining_time":109.1812911},
{"learn":[2.937107707],"iteration":376,"passed_time":65.93801766,"remaining_time":108.963886},
{"learn":[2.933625371],"iteration":377,"passed_time":66.13179173,"remaining_time":108.8200382},
{"learn":[2.926222189],"iteration":378,"passed_time":66.29195878,"remaining_time":108.6208612},
{"learn":[2.921576243],"iteration":379,"passed_time":66.47992364,"remaining_time":108.4672438},
{"learn":[2.91593978],"iteration":380,"passed_time":66.64834095,"remaining_time":108.2816878},
{"learn":[2.909277941],"iteration":381,"passed_time":66.84546852,"remaining_time":108.142669},
{"learn":[2.904454732],"iteration":382,"passed_time":67.03345254,"remaining_time":107.9886168},
{"learn":[2.90129857],"iteration":383,"passed_time":67.19088502,"remaining_time":107.7853781},
{"learn":[2.897874376],"iteration":384,"passed_time":67.34410837,"remaining_time":107.5756536},
{"learn":[2.896581912],"iteration":385,"passed_time":67.52290887,"remaining_time":107.4069069},
{"learn":[2.894047742],"iteration":386,"passed_time":67.63123715,"remaining_time":107.1264816},
{"learn":[2.887156203],"iteration":387,"passed_time":67.73796798,"remaining_time":106.8444237},
{"learn":[2.882988272],"iteration":388,"passed_time":67.88860885,"remaining_time":106.6322365},
{"learn":[2.87932102],"iteration":389,"passed_time":68.07846752,"remaining_time":106.4817056},
{"learn":[2.877481884],"iteration":390,"passed_time":68.22178355,"remaining_time":106.2584813},
{"learn":[2.871495404],"iteration":391,"passed_time":68.37960681,"remaining_time":106.0581657},
{"learn":[2.867138486],"iteration":392,"passed_time":68.57850026,"remaining_time":105.9215004},
{"learn":[2.863543176],"iteration":393,"passed_time":68.78742873,"remaining_time":105.7999538},
{"learn":[2.851923952],"iteration":394,"passed_time":68.98562934,"remaining_time":105.6615335},
{"learn":[2.847397274],"iteration":395,"passed_time":69.17537984,"remaining_time":105.5099228},
{"learn":[2.842426781],"iteration":396,"passed_time":69.34706766,"remaining_time":105.3306846},
{"learn":[2.837735895],"iteration":397,"passed_time":69.56147649,"remaining_time":105.2161026},
{"learn":[2.830196727],"iteration":398,"passed_time":69.71845256,"remaining_time":105.0145113},
{"learn":[2.822992774],"iteration":399,"passed_time":69.88249017,"remaining_time":104.8237353},
{"learn":[2.817516921],"iteration":400,"passed_time":70.01056252,"remaining_time":104.579369},
{"learn":[2.812431371],"iteration":401,"passed_time":70.13948576,"remaining_time":104.336847},
{"learn":[2.80651687],"iteration":402,"passed_time":70.2889664,"remaining_time":104.1253423},
{"learn":[2.804180503],"iteration":403,"passed_time":70.43090343,"remaining_time":103.903016},
{"learn":[2.794666352],"iteration":404,"passed_time":70.64251693,"remaining_time":103.7834508},
{"learn":[2.792833055],"iteration":405,"passed_time":70.81359473,"remaining_time":103.6041263},
{"learn":[2.787736569],"iteration":406,"passed_time":70.98466144,"remaining_time":103.4248261},
{"learn":[2.785488784],"iteration":407,"passed_time":71.16160066,"remaining_time":103.2540872},
{"learn":[2.78136694],"iteration":408,"passed_time":71.30493654,"remaining_time":103.0347616},
{"learn":[2.776306018],"iteration":409,"passed_time":71.4877804,"remaining_time":102.8726596},
{"learn":[2.769931288],"iteration":410,"passed_time":71.65480805,"remaining_time":102.6877906},
{"learn":[2.76334924],"iteration":411,"passed_time":71.84522946,"remaining_time":102.5363954},
{"learn":[2.760629229],"iteration":412,"passed_time":72.0489925,"remaining_time":102.4037738},
{"learn":[2.758714229],"iteration":413,"passed_time":72.26899815,"remaining_time":102.2937993},
{"learn":[2.753044417],"iteration":414,"passed_time":72.48065249,"remaining_time":102.1715222},
{"learn":[2.747365897],"iteration":415,"passed_time":72.6905181,"remaining_time":102.0463043},
{"learn":[2.742898332],"iteration":416,"passed_time":72.86651093,"remaining_time":101.8733234},
{"learn":[2.737510896],"iteration":417,"passed_time":73.01297325,"remaining_time":101.6592116},
{"learn":[2.733857661],"iteration":418,"passed_time":73.20513722,"remaining_time":101.5087941},
{"learn":[2.726152278],"iteration":419,"passed_time":73.41199423,"remaining_time":101.3784682},
{"learn":[2.722301289],"iteration":420,"passed_time":73.56783681,"remaining_time":101.1776188},
{"learn":[2.717125257],"iteration":421,"passed_time":73.71665307,"remaining_time":100.9673589},
{"learn":[2.715612685],"iteration":422,"passed_time":73.80929137,"remaining_time":100.6807592},
{"learn":[2.709588145],"iteration":423,"passed_time":73.96930405,"remaining_time":100.4866017},
{"learn":[2.707973776],"iteration":424,"passed_time":74.10838117,"remaining_time":100.2642804},
{"learn":[2.702353023],"iteration":425,"passed_time":74.29137659,"remaining_time":100.1015262},
{"learn":[2.699538027],"iteration":426,"passed_time":74.47950276,"remaining_time":99.94556226},
{"learn":[2.695682534],"iteration":427,"passed_time":74.67948889,"remaining_time":99.80529824},
{"learn":[2.692778551],"iteration":428,"passed_time":74.86989872,"remaining_time":99.65200972},
{"learn":[2.687861376],"iteration":429,"passed_time":75.01203666,"remaining_time":99.43456023},
{"learn":[2.683852751],"iteration":430,"passed_time":75.21855127,"remaining_time":99.30244936},
{"learn":[2.682091875],"iteration":431,"passed_time":75.44664471,"remaining_time":99.1983662},
{"learn":[2.678266971],"iteration":432,"passed_time":75.62074179,"remaining_time":99.02300368},
{"learn":[2.67521439],"iteration":433,"passed_time":75.77763856,"remaining_time":98.82521526},
{"learn":[2.673155917],"iteration":434,"passed_time":75.96119646,"remaining_time":98.66224368},
{"learn":[2.667919463],"iteration":435,"passed_time":76.08691889,"remaining_time":98.42436297},
{"learn":[2.659163007],"iteration":436,"passed_time":76.25326689,"remaining_time":98.23933469},
{"learn":[2.657975851],"iteration":437,"passed_time":76.35781599,"remaining_time":97.97509723},
{"learn":[2.657030941],"iteration":438,"passed_time":76.52442258,"remaining_time":97.79089081},
{"learn":[2.651249349],"iteration":439,"passed_time":76.7353416,"remaining_time":97.66316204},
{"learn":[2.6446143],"iteration":440,"passed_time":76.9331965,"remaining_time":97.51849625},
{"learn":[2.642338915],"iteration":441,"passed_time":77.13341324,"remaining_time":97.37657147},
{"learn":[2.638329906],"iteration":442,"passed_time":77.27055272,"remaining_time":97.15507419},
{"learn":[2.631348165],"iteration":443,"passed_time":77.44905661,"remaining_time":96.98575557},
{"learn":[2.62444616],"iteration":444,"passed_time":77.61340205,"remaining_time":96.79873739},
{"learn":[2.614791251],"iteration":445,"passed_time":77.80986412,"remaining_time":96.65171462},
{"learn":[2.609667504],"iteration":446,"passed_time":77.96448819,"remaining_time":96.45271135},
{"learn":[2.607726271],"iteration":447,"passed_time":78.15045719,"remaining_time":96.29252761},
{"learn":[2.602951262],"iteration":448,"passed_time":78.361063,"remaining_time":96.16246261},
{"learn":[2.598819266],"iteration":449,"passed_time":78.42835402,"remaining_time":95.85687714},
{"learn":[2.591942503],"iteration":450,"passed_time":78.57843628,"remaining_time":95.65312975},
{"learn":[2.579223212],"iteration":451,"passed_time":78.74735715,"remaining_time":95.47245955},
{"learn":[2.5751984],"iteration":452,"passed_time":78.87696409,"remaining_time":95.24436945},
{"learn":[2.569435234],"iteration":453,"passed_time":79.02571931,"remaining_time":95.03974172},
{"learn":[2.565139266],"iteration":454,"passed_time":79.2505062,"remaining_time":94.92643051},
{"learn":[2.562858584],"iteration":455,"passed_time":79.44729647,"remaining_time":94.77923088},
{"learn":[2.561489597],"iteration":456,"passed_time":79.60982743,"remaining_time":94.59110787},
{"learn":[2.558999204],"iteration":457,"passed_time":79.79438471,"remaining_time":94.42916269},
{"learn":[2.557414341],"iteration":458,"passed_time":79.91140613,"remaining_time":94.1875179},
{"learn":[2.553767351],"iteration":459,"passed_time":80.06573258,"remaining_time":93.99020782},
{"learn":[2.548060223],"iteration":460,"passed_time":80.18567416,"remaining_time":93.75288151},
{"learn":[2.545553733],"iteration":461,"passed_time":80.3537151,"remaining_time":93.57207516},
{"learn":[2.543900577],"iteration":462,"passed_time":80.54961366,"remaining_time":93.42363399},
{"learn":[2.541376503],"iteration":463,"passed_time":80.72801096,"remaining_time":93.25477128},
{"learn":[2.539753657],"iteration":464,"passed_time":80.89861635,"remaining_time":93.07690268},
{"learn":[2.535997874],"iteration":465,"passed_time":81.02544987,"remaining_time":92.84890607},
{"learn":[2.535141921],"iteration":466,"passed_time":81.19152169,"remaining_time":92.66612647},
{"learn":[2.532349678],"iteration":467,"passed_time":81.38750623,"remaining_time":92.51742161},
{"learn":[2.528343509],"iteration":468,"passed_time":81.51576947,"remaining_time":92.29184134},
{"learn":[2.524943074],"iteration":469,"passed_time":81.67665016,"remaining_time":92.10345656},
{"learn":[2.522681055],"iteration":470,"passed_time":81.88284082,"remaining_time":91.96607812},
{"learn":[2.520221892],"iteration":471,"passed_time":82.07783853,"remaining_time":91.81588717},
{"learn":[2.512542808],"iteration":472,"passed_time":82.26149474,"remaining_time":91.65287046},
{"learn":[2.509968068],"iteration":473,"passed_time":82.41104729,"remaining_time":91.45192168},
{"learn":[2.507639148],"iteration":474,"passed_time":82.61246395,"remaining_time":91.30851279},
{"learn":[2.505823592],"iteration":475,"passed_time":82.75140723,"remaining_time":91.09608695},
{"learn":[2.502503111],"iteration":476,"passed_time":82.93707405,"remaining_time":90.9351986},
{"learn":[2.499779603],"iteration":477,"passed_time":83.11252105,"remaining_time":90.763046},
{"learn":[2.498052293],"iteration":478,"passed_time":83.24967479,"remaining_time":90.54922874},
{"learn":[2.498010635],"iteration":479,"passed_time":83.39203362,"remaining_time":90.34136975},
{"learn":[2.492776214],"iteration":480,"passed_time":83.52757072,"remaining_time":90.12642246},
{"learn":[2.48888797],"iteration":481,"passed_time":83.63538842,"remaining_time":89.88201494},
{"learn":[2.485132086],"iteration":482,"passed_time":83.83300639,"remaining_time":89.73429462},
{"learn":[2.483094362],"iteration":483,"passed_time":84.01773854,"remaining_time":89.57263035},
{"learn":[2.480359518],"iteration":484,"passed_time":84.2035088,"remaining_time":89.41197326},
{"learn":[2.475480936],"iteration":485,"passed_time":84.3500158,"remaining_time":89.2096875},
{"learn":[2.471730016],"iteration":486,"passed_time":84.53398378,"remaining_time":89.04709174},
{"learn":[2.469865617],"iteration":487,"passed_time":84.6943288,"remaining_time":88.85962366},
{"learn":[2.467626282],"iteration":488,"passed_time":84.87903792,"remaining_time":88.69772674},
{"learn":[2.461240203],"iteration":489,"passed_time":85.04390469,"remaining_time":88.51508448},
{"learn":[2.456287766],"iteration":490,"passed_time":85.22432766,"remaining_time":88.3486411},
{"learn":[2.451253747],"iteration":491,"passed_time":85.40218971,"remaining_time":88.17949669},
{"learn":[2.4487855],"iteration":492,"passed_time":85.57570108,"remaining_time":88.0058427},
{"learn":[2.44748096],"iteration":493,"passed_time":85.73446127,"remaining_time":87.81707977},
{"learn":[2.446385748],"iteration":494,"passed_time":85.87988761,"remaining_time":87.61483483},
{"learn":[2.441100091],"iteration":495,"passed_time":86.05621491,"remaining_time":87.44421838},
{"learn":[2.436993467],"iteration":496,"passed_time":86.1766949,"remaining_time":87.21705742},
{"learn":[2.428339821],"iteration":497,"passed_time":86.29669306,"remaining_time":86.98983919},
{"learn":[2.42303358],"iteration":498,"passed_time":86.4318986,"remaining_time":86.77831903},
{"learn":[2.419976575],"iteration":499,"passed_time":86.53884423,"remaining_time":86.53884423},
{"learn":[2.414041538],"iteration":500,"passed_time":86.65158765,"remaining_time":86.30567313},
{"learn":[2.41062417],"iteration":501,"passed_time":86.83490423,"remaining_time":86.14299264},
{"learn":[2.406419084],"iteration":502,"passed_time":87.01388566,"remaining_time":85.97594667},
{"learn":[2.40441103],"iteration":503,"passed_time":87.18467432,"remaining_time":85.80079061},
{"learn":[2.401130037],"iteration":504,"passed_time":87.31781353,"remaining_time":85.58874791},
{"learn":[2.399908048],"iteration":505,"passed_time":87.44686773,"remaining_time":85.37302897},
{"learn":[2.398421508],"iteration":506,"passed_time":87.63285594,"remaining_time":85.21301376},
{"learn":[2.393074142],"iteration":507,"passed_time":87.78749235,"remaining_time":85.02253196},
{"learn":[2.390807461],"iteration":508,"passed_time":87.93643302,"remaining_time":84.82669669},
{"learn":[2.38733414],"iteration":509,"passed_time":88.07211417,"remaining_time":84.61830577},
{"learn":[2.383200392],"iteration":510,"passed_time":88.21103643,"remaining_time":84.41330101},
{"learn":[2.378702776],"iteration":511,"passed_time":88.35500459,"remaining_time":84.21336375},
{"learn":[2.374850116],"iteration":512,"passed_time":88.57068666,"remaining_time":84.08172399},
{"learn":[2.368811052],"iteration":513,"passed_time":88.76637696,"remaining_time":83.93085448},
{"learn":[2.364167445],"iteration":514,"passed_time":88.95571657,"remaining_time":83.77383016},
{"learn":[2.356828455],"iteration":515,"passed_time":89.13739238,"remaining_time":83.60949208},
{"learn":[2.355211698],"iteration":516,"passed_time":89.2752785,"remaining_time":83.40417702},
{"learn":[2.348819021],"iteration":517,"passed_time":89.43737392,"remaining_time":83.22164909},
{"learn":[2.345516149],"iteration":518,"passed_time":89.65268692,"remaining_time":83.08852102},
{"learn":[2.341996075],"iteration":519,"passed_time":89.84034098,"remaining_time":82.92954552},
{"learn":[2.338898867],"iteration":520,"passed_time":90.0605738,"remaining_time":82.80041238},
{"learn":[2.33275696],"iteration":521,"passed_time":90.24803537,"remaining_time":82.64092128},
{"learn":[2.329496954],"iteration":522,"passed_time":90.41081397,"remaining_time":82.45881121},
{"learn":[2.323656463],"iteration":523,"passed_time":90.6422887,"remaining_time":82.33917828},
{"learn":[2.320521774],"iteration":524,"passed_time":90.84447715,"remaining_time":82.19262218},
{"learn":[2.317759602],"iteration":525,"passed_time":91.03000821,"remaining_time":82.0308439},
{"learn":[2.314641958],"iteration":526,"passed_time":91.20608557,"remaining_time":81.86049047},
{"learn":[2.312692793],"iteration":527,"passed_time":91.40399988,"remaining_time":81.70963625},
{"learn":[2.307721787],"iteration":528,"passed_time":91.54602046,"remaining_time":81.50883863},
{"learn":[2.303949953],"iteration":529,"passed_time":91.76083748,"remaining_time":81.37281814},
{"learn":[2.299158174],"iteration":530,"passed_time":91.96933416,"remaining_time":81.23091849},
{"learn":[2.296386108],"iteration":531,"passed_time":92.09994435,"remaining_time":81.0202518},
{"learn":[2.293235977],"iteration":532,"passed_time":92.18990306,"remaining_time":80.77426778},
{"learn":[2.290462519],"iteration":533,"passed_time":92.33553741,"remaining_time":80.577454},
{"learn":[2.28788751],"iteration":534,"passed_time":92.50622377,"remaining_time":80.4026057},
{"learn":[2.286682272],"iteration":535,"passed_time":92.67803237,"remaining_time":80.22874444},
{"learn":[2.284346734],"iteration":536,"passed_time":92.83938009,"remaining_time":80.04587147},
{"learn":[2.281158221],"iteration":537,"passed_time":93.02229044,"remaining_time":79.88159514},
{"learn":[2.277734701],"iteration":538,"passed_time":93.22315283,"remaining_time":79.73260381},
{"learn":[2.273749802],"iteration":539,"passed_time":93.38118962,"remaining_time":79.54693931},
{"learn":[2.269156454],"iteration":540,"passed_time":93.5450983,"remaining_time":79.36635882},
{"learn":[2.269050182],"iteration":541,"passed_time":93.71972796,"remaining_time":79.19489927},
{"learn":[2.262523514],"iteration":542,"passed_time":93.90676648,"remaining_time":79.0338716},
{"learn":[2.258569307],"iteration":543,"passed_time":94.02541755,"remaining_time":78.81542353},
{"learn":[2.256902202],"iteration":544,"passed_time":94.21686924,"remaining_time":78.65812019},
{"learn":[2.249354365],"iteration":545,"passed_time":94.37061399,"remaining_time":78.46933837},
{"learn":[2.242728841],"iteration":546,"passed_time":94.56860548,"remaining_time":78.31732776},
{"learn":[2.240187803],"iteration":547,"passed_time":94.70591362,"remaining_time":78.11509663},
{"learn":[2.238861475],"iteration":548,"passed_time":94.87993047,"remaining_time":77.943258},
{"learn":[2.237306335],"iteration":549,"passed_time":95.06762537,"remaining_time":77.78260258},
{"learn":[2.232345952],"iteration":550,"passed_time":95.24843643,"remaining_time":77.61623949},
{"learn":[2.227891525],"iteration":551,"passed_time":95.41567092,"remaining_time":77.43880538},
{"learn":[2.226279067],"iteration":552,"passed_time":95.5796278,"remaining_time":77.25875882},
{"learn":[2.225469772],"iteration":553,"passed_time":95.76378344,"remaining_time":77.09503144},
{"learn":[2.219083827],"iteration":554,"passed_time":95.93808542,"remaining_time":76.92332976},
{"learn":[2.214911929],"iteration":555,"passed_time":96.14200054,"remaining_time":76.77526662},
{"learn":[2.210892422],"iteration":556,"passed_time":96.35613418,"remaining_time":76.63513006},
{"learn":[2.208867203],"iteration":557,"passed_time":96.53411693,"remaining_time":76.46609262},
{"learn":[2.204681777],"iteration":558,"passed_time":96.69681797,"remaining_time":76.28496731},
{"learn":[2.200168023],"iteration":559,"passed_time":96.8685141,"remaining_time":76.11097536},
{"learn":[2.195479622],"iteration":560,"passed_time":97.07760457,"remaining_time":75.96625384},
{"learn":[2.18988238],"iteration":561,"passed_time":97.25491478,"remaining_time":75.796535},
{"learn":[2.187179392],"iteration":562,"passed_time":97.41196891,"remaining_time":75.61106646},
{"learn":[2.187128239],"iteration":563,"passed_time":97.60658069,"remaining_time":75.45473259},
{"learn":[2.182535978],"iteration":564,"passed_time":97.79373319,"remaining_time":75.29252024},
{"learn":[2.176620684],"iteration":565,"passed_time":97.98495984,"remaining_time":75.13334377},
{"learn":[2.175155741],"iteration":566,"passed_time":98.08729461,"remaining_time":74.90617031},
{"learn":[2.170245658],"iteration":567,"passed_time":98.29536712,"remaining_time":74.75985668},
{"learn":[2.166773752],"iteration":568,"passed_time":98.47205945,"remaining_time":74.58955646},
{"learn":[2.163786226],"iteration":569,"passed_time":98.64126237,"remaining_time":74.4135839},
{"learn":[2.161176995],"iteration":570,"passed_time":98.85734909,"remaining_time":74.27285948},
{"learn":[2.157114301],"iteration":571,"passed_time":99.02695994,"remaining_time":74.0970959},
{"learn":[2.155552464],"iteration":572,"passed_time":99.19866492,"remaining_time":73.92291435},
{"learn":[2.150794978],"iteration":573,"passed_time":99.37033144,"remaining_time":73.74871288},
{"learn":[2.149472789],"iteration":574,"passed_time":99.56142543,"remaining_time":73.58887966},
{"learn":[2.146821827],"iteration":575,"passed_time":99.75536717,"remaining_time":73.43103417},
{"learn":[2.142202441],"iteration":576,"passed_time":99.85612998,"remaining_time":73.20475387},
{"learn":[2.139904331],"iteration":577,"passed_time":100.0248659,"remaining_time":73.02853528},
{"learn":[2.137007566],"iteration":578,"passed_time":100.234396,"remaining_time":72.88200466},
{"learn":[2.135369351],"iteration":579,"passed_time":100.3793244,"remaining_time":72.68847627},
{"learn":[2.131061161],"iteration":580,"passed_time":100.5590019,"remaining_time":72.52017524},
{"learn":[2.127352113],"iteration":581,"passed_time":100.7416934,"remaining_time":72.35399971},
{"learn":[2.125060673],"iteration":582,"passed_time":100.9266358,"remaining_time":72.1893776},
{"learn":[2.123675527],"iteration":583,"passed_time":101.140595,"remaining_time":72.04535536},
{"learn":[2.123316339],"iteration":584,"passed_time":101.3101165,"remaining_time":71.86956982},
{"learn":[2.122280337],"iteration":585,"passed_time":101.4666065,"remaining_time":71.68459916},
{"learn":[2.120062857],"iteration":586,"passed_time":101.6833957,"remaining_time":71.54215066},
{"learn":[2.118673219],"iteration":587,"passed_time":101.8589031,"remaining_time":71.37052396},
{"learn":[2.116091866],"iteration":588,"passed_time":102.0094845,"remaining_time":71.18149089},
{"learn":[2.114994968],"iteration":589,"passed_time":102.1685173,"remaining_time":70.99846116},
{"learn":[2.113410402],"iteration":590,"passed_time":102.3417441,"remaining_time":70.82533562},
{"learn":[2.113346941],"iteration":591,"passed_time":102.5170389,"remaining_time":70.65363495},
{"learn":[2.109798226],"iteration":592,"passed_time":102.6853627,"remaining_time":70.47713765},
{"learn":[2.106632479],"iteration":593,"passed_time":102.8077629,"remaining_time":70.269279},
{"learn":[2.104650463],"iteration":594,"passed_time":102.9794744,"remaining_time":70.0952725},
{"learn":[2.102389949],"iteration":595,"passed_time":103.1168072,"remaining_time":69.89796998},
{"learn":[2.09777441],"iteration":596,"passed_time":103.2935861,"remaining_time":69.72749615},
{"learn":[2.097104904],"iteration":597,"passed_time":103.493152,"remaining_time":69.5723196},
{"learn":[2.092975868],"iteration":598,"passed_time":103.6892692,"remaining_time":69.41468606},
{"learn":[2.090743484],"iteration":599,"passed_time":103.8438832,"remaining_time":69.22925544},
{"learn":[2.087179076],"iteration":600,"passed_time":103.9989242,"remaining_time":69.04421088},
{"learn":[2.085582923],"iteration":601,"passed_time":104.1426939,"remaining_time":68.85181421},
{"learn":[2.082628882],"iteration":602,"passed_time":104.3220313,"remaining_time":68.68299571},
{"learn":[2.0802467],"iteration":603,"passed_time":104.4428465,"remaining_time":68.47577353},
{"learn":[2.079862411],"iteration":604,"passed_time":104.5717067,"remaining_time":68.27408949},
{"learn":[2.07980448],"iteration":605,"passed_time":104.7235561,"remaining_time":68.08759258},
{"learn":[2.078017107],"iteration":606,"passed_time":104.8766094,"remaining_time":67.90198926},
{"learn":[2.074882839],"iteration":607,"passed_time":105.0285829,"remaining_time":67.71579686},
{"learn":[2.07345259],"iteration":608,"passed_time":105.1688804,"remaining_time":67.52222039},
{"learn":[2.07272738],"iteration":609,"passed_time":105.267286,"remaining_time":67.30203533},
{"learn":[2.070212115],"iteration":610,"passed_time":105.4399985,"remaining_time":67.12955715},
{"learn":[2.067379973],"iteration":611,"passed_time":105.6292721,"remaining_time":66.96757776},
{"learn":[2.064937722],"iteration":612,"passed_time":105.8105382,"remaining_time":66.80045399},
{"learn":[2.059305358],"iteration":613,"passed_time":105.9820469,"remaining_time":66.62714999},
{"learn":[2.057009984],"iteration":614,"passed_time":106.1745081,"remaining_time":66.46696846},
{"learn":[2.053668177],"iteration":615,"passed_time":106.3757582,"remaining_time":66.31216097},
{"learn":[2.053572537],"iteration":616,"passed_time":106.5196715,"remaining_time":66.12161134},
{"learn":[2.04812399],"iteration":617,"passed_time":106.6558886,"remaining_time":65.92645542},
{"learn":[2.046671128],"iteration":618,"passed_time":106.8021624,"remaining_time":65.73767994},
{"learn":[2.043904217],"iteration":619,"passed_time":106.9339644,"remaining_time":65.54017176},
{"learn":[2.042619903],"iteration":620,"passed_time":107.0665615,"remaining_time":65.3433604},
{"learn":[2.038610182],"iteration":621,"passed_time":107.2514698,"remaining_time":65.17854598},
{"learn":[2.038539219],"iteration":622,"passed_time":107.3938696,"remaining_time":64.98794358},
{"learn":[2.034530434],"iteration":623,"passed_time":107.5626166,"remaining_time":64.81337157},
{"learn":[2.030213271],"iteration":624,"passed_time":107.7757629,"remaining_time":64.66545776},
{"learn":[2.026051455],"iteration":625,"passed_time":108.0013466,"remaining_time":64.52476618},
{"learn":[2.02265565],"iteration":626,"passed_time":108.1858775,"remaining_time":64.3593817},
{"learn":[2.019435206],"iteration":627,"passed_time":108.3586633,"remaining_time":64.18697893},
{"learn":[2.018318704],"iteration":628,"passed_time":108.5596723,"remaining_time":64.03122168},
{"learn":[2.014811739],"iteration":629,"passed_time":108.7459252,"remaining_time":63.86665447},
{"learn":[2.012193775],"iteration":630,"passed_time":108.8747066,"remaining_time":63.66841002},
{"learn":[2.010571851],"iteration":631,"passed_time":109.0392504,"remaining_time":63.4912091},
{"learn":[2.008882215],"iteration":632,"passed_time":109.2181135,"remaining_time":63.32235016},
{"learn":[2.006746044],"iteration":633,"passed_time":109.3885462,"remaining_time":63.14859289},
{"learn":[2.001139214],"iteration":634,"passed_time":109.5622266,"remaining_time":62.97671294},
{"learn":[1.998546448],"iteration":635,"passed_time":109.7182517,"remaining_time":62.79472268},
{"learn":[1.994910795],"iteration":636,"passed_time":109.8952107,"remaining_time":62.62474333},
{"learn":[1.992841106],"iteration":637,"passed_time":110.009753,"remaining_time":62.41932694},
{"learn":[1.991565398],"iteration":638,"passed_time":110.1441985,"remaining_time":62.22543923},
{"learn":[1.984954129],"iteration":639,"passed_time":110.2903295,"remaining_time":62.03831037},
{"learn":[1.983780787],"iteration":640,"passed_time":110.4521503,"remaining_time":61.86009667},
{"learn":[1.981435437],"iteration":641,"passed_time":110.6246278,"remaining_time":61.68787657},
{"learn":[1.979734713],"iteration":642,"passed_time":110.8146582,"remaining_time":61.52540121},
{"learn":[1.974700165],"iteration":643,"passed_time":111.0026319,"remaining_time":61.36170336},
{"learn":[1.973732829],"iteration":644,"passed_time":111.18246,"remaining_time":61.193447},
{"learn":[1.970148873],"iteration":645,"passed_time":111.3784008,"remaining_time":61.03398434},
{"learn":[1.967502511],"iteration":646,"passed_time":111.5695909,"remaining_time":60.87181696},
{"learn":[1.963613954],"iteration":647,"passed_time":111.7539708,"remaining_time":60.70586067},
{"learn":[1.959659771],"iteration":648,"passed_time":111.9162239,"remaining_time":60.52788074},
{"learn":[1.958074503],"iteration":649,"passed_time":112.0851949,"remaining_time":60.35356646},
{"learn":[1.956820494],"iteration":650,"passed_time":112.2697855,"remaining_time":60.18764231},
{"learn":[1.954459754],"iteration":651,"passed_time":112.3776754,"remaining_time":59.98072243},
{"learn":[1.951026415],"iteration":652,"passed_time":112.5540657,"remaining_time":59.81050661},
{"learn":[1.947731439],"iteration":653,"passed_time":112.7296129,"remaining_time":59.6398258},
{"learn":[1.945063645],"iteration":654,"passed_time":112.9233079,"remaining_time":59.4786889},
{"learn":[1.94305268],"iteration":655,"passed_time":113.0842346,"remaining_time":59.30026935},
{"learn":[1.942629359],"iteration":656,"passed_time":113.2756767,"remaining_time":59.13783426},
{"learn":[1.940403061],"iteration":657,"passed_time":113.5141009,"remaining_time":58.99973024},
{"learn":[1.93603064],"iteration":658,"passed_time":113.7113687,"remaining_time":58.84002539},
{"learn":[1.934935857],"iteration":659,"passed_time":113.9041896,"remaining_time":58.67791584},
{"learn":[1.929110274],"iteration":660,"passed_time":114.1159585,"remaining_time":58.52543107},
{"learn":[1.928349895],"iteration":661,"passed_time":114.2928431,"remaining_time":58.35495615},
{"learn":[1.927149144],"iteration":662,"passed_time":114.4598345,"remaining_time":58.17943324},
{"learn":[1.925528595],"iteration":663,"passed_time":114.6491719,"remaining_time":58.01524362},
{"learn":[1.923755339],"iteration":664,"passed_time":114.8350054,"remaining_time":57.84921326},
{"learn":[1.920389806],"iteration":665,"passed_time":114.9796,"remaining_time":57.66244207},
{"learn":[1.917736281],"iteration":666,"passed_time":115.18112,"remaining_time":57.50421733},
{"learn":[1.916288682],"iteration":667,"passed_time":115.339895,"remaining_time":57.32461846},
{"learn":[1.914628372],"iteration":668,"passed_time":115.5247906,"remaining_time":57.15800554},
{"learn":[1.91265277],"iteration":669,"passed_time":115.7183788,"remaining_time":56.99561939},
{"learn":[1.912575366],"iteration":670,"passed_time":115.9131714,"remaining_time":56.83373084},
{"learn":[1.911075416],"iteration":671,"passed_time":116.0644283,"remaining_time":56.65049474},
{"learn":[1.907870579],"iteration":672,"passed_time":116.2672015,"remaining_time":56.49238469},
{"learn":[1.904665024],"iteration":673,"passed_time":116.4138345,"remaining_time":56.30698822},
{"learn":[1.903842257],"iteration":674,"passed_time":116.5708773,"remaining_time":56.12671871},
{"learn":[1.901266446],"iteration":675,"passed_time":116.7702062,"remaining_time":55.96678524},
{"learn":[1.899392954],"iteration":676,"passed_time":116.899647,"remaining_time":55.77339139},
{"learn":[1.896333164],"iteration":677,"passed_time":117.0601862,"remaining_time":55.59495567},
{"learn":[1.893757388],"iteration":678,"passed_time":117.2430638,"remaining_time":55.42713323},
{"learn":[1.892129617],"iteration":679,"passed_time":117.3644022,"remaining_time":55.23030692},
{"learn":[1.891368383],"iteration":680,"passed_time":117.4834923,"remaining_time":55.03264912},
{"learn":[1.888903496],"iteration":681,"passed_time":117.6586707,"remaining_time":54.86137432},
{"learn":[1.885372517],"iteration":682,"passed_time":117.8225489,"remaining_time":54.68484332},
{"learn":[1.883834319],"iteration":683,"passed_time":117.988553,"remaining_time":54.50933151},
{"learn":[1.882838301],"iteration":684,"passed_time":118.1081927,"remaining_time":54.31252658},
{"learn":[1.88126717],"iteration":685,"passed_time":118.2524346,"remaining_time":54.12720766},
{"learn":[1.880308472],"iteration":686,"passed_time":118.3988849,"remaining_time":53.9430145},
{"learn":[1.876992114],"iteration":687,"passed_time":118.5863781,"remaining_time":53.77754354},
{"learn":[1.87524312],"iteration":688,"passed_time":118.7011304,"remaining_time":53.57917499},
{"learn":[1.872011521],"iteration":689,"passed_time":118.8867832,"remaining_time":53.4129026},
{"learn":[1.867417988],"iteration":690,"passed_time":119.0609751,"remaining_time":53.24144909},
{"learn":[1.863912491],"iteration":691,"passed_time":119.2147044,"remaining_time":53.06088},
{"learn":[1.86283682],"iteration":692,"passed_time":119.4014067,"remaining_time":52.89499546},
{"learn":[1.862581981],"iteration":693,"passed_time":119.5941922,"remaining_time":52.73173314},
{"learn":[1.860677951],"iteration":694,"passed_time":119.7422383,"remaining_time":52.54875206},
{"learn":[1.859370939],"iteration":695,"passed_time":119.9472096,"remaining_time":52.39073524},
{"learn":[1.858016224],"iteration":696,"passed_time":120.1079817,"remaining_time":52.21336936},
{"learn":[1.856564342],"iteration":697,"passed_time":120.2931664,"remaining_time":52.04661354},
{"learn":[1.854848574],"iteration":698,"passed_time":120.4931324,"remaining_time":51.88617005},
{"learn":[1.85166218],"iteration":699,"passed_time":120.6479992,"remaining_time":51.70628539},
{"learn":[1.847555195],"iteration":700,"passed_time":120.7982609,"remaining_time":51.52450786},
{"learn":[1.846210827],"iteration":701,"passed_time":120.9155514,"remaining_time":51.32882382},
{"learn":[1.844853634],"iteration":702,"passed_time":121.0928326,"remaining_time":51.15870735},
{"learn":[1.839509199],"iteration":703,"passed_time":121.3014458,"remaining_time":51.00174425},
{"learn":[1.838185069],"iteration":704,"passed_time":121.482698,"remaining_time":50.8331857},
{"learn":[1.837484217],"iteration":705,"passed_time":121.6427479,"remaining_time":50.65576189},
{"learn":[1.835077377],"iteration":706,"passed_time":121.8389001,"remaining_time":50.49334896},
{"learn":[1.835005932],"iteration":707,"passed_time":122.0146085,"remaining_time":50.32240917},
{"learn":[1.831932507],"iteration":708,"passed_time":122.2044384,"remaining_time":50.15725185},
{"learn":[1.831057593],"iteration":709,"passed_time":122.4083697,"remaining_time":49.99778479},
{"learn":[1.830735386],"iteration":710,"passed_time":122.5874584,"remaining_time":49.82809492},
{"learn":[1.829977938],"iteration":711,"passed_time":122.7243463,"remaining_time":49.64130861},
{"learn":[1.829027931],"iteration":712,"passed_time":122.9158378,"remaining_time":49.4766416},
{"learn":[1.827282578],"iteration":713,"passed_time":123.0870012,"remaining_time":49.30375679},
{"learn":[1.823357656],"iteration":714,"passed_time":123.2525905,"remaining_time":49.12865494},
{"learn":[1.821012119],"iteration":715,"passed_time":123.4128654,"remaining_time":48.95147173},
{"learn":[1.817247076],"iteration":716,"passed_time":123.5824723,"remaining_time":48.77801904},
{"learn":[1.815128372],"iteration":717,"passed_time":123.7726217,"remaining_time":48.61264528},
{"learn":[1.813751406],"iteration":718,"passed_time":123.9300113,"remaining_time":48.43439942},
{"learn":[1.812656489],"iteration":719,"passed_time":124.1000166,"remaining_time":48.26111757},
{"learn":[1.8086716],"iteration":720,"passed_time":124.2862955,"remaining_time":48.09414209},
{"learn":[1.808510177],"iteration":721,"passed_time":124.4594807,"remaining_time":47.92207151},
{"learn":[1.805916496],"iteration":722,"passed_time":124.6082651,"remaining_time":47.7406493},
{"learn":[1.80300112],"iteration":723,"passed_time":124.7703553,"remaining_time":47.5643896},
{"learn":[1.801095917],"iteration":724,"passed_time":124.9723927,"remaining_time":47.40332139},
{"learn":[1.800340762],"iteration":725,"passed_time":125.1304629,"remaining_time":47.22554659},
{"learn":[1.795921574],"iteration":726,"passed_time":125.2945805,"remaining_time":47.05009695},
{"learn":[1.793668429],"iteration":727,"passed_time":125.4760563,"remaining_time":46.88116389},
{"learn":[1.791305296],"iteration":728,"passed_time":125.6489085,"remaining_time":46.70899069},
{"learn":[1.78871956],"iteration":729,"passed_time":125.8374454,"remaining_time":46.54261681},
{"learn":[1.788186538],"iteration":730,"passed_time":125.9623869,"remaining_time":46.35277987},
{"learn":[1.785965902],"iteration":731,"passed_time":126.1571751,"remaining_time":46.18869253},
{"learn":[1.784337497],"iteration":732,"passed_time":126.3499191,"remaining_time":46.02377679},
{"learn":[1.781665541],"iteration":733,"passed_time":126.5555971,"remaining_time":45.86347251},
{"learn":[1.779953191],"iteration":734,"passed_time":126.718669,"remaining_time":45.68768337},
{"learn":[1.779104174],"iteration":735,"passed_time":126.8847871,"remaining_time":45.51302145},
{"learn":[1.778089699],"iteration":736,"passed_time":127.030085,"remaining_time":45.33095297},
{"learn":[1.776156954],"iteration":737,"passed_time":127.2001914,"remaining_time":45.15779151},
{"learn":[1.775463873],"iteration":738,"passed_time":127.3782838,"remaining_time":44.98745882},
{"learn":[1.771902604],"iteration":739,"passed_time":127.5547915,"remaining_time":44.81654838},
{"learn":[1.771482076],"iteration":740,"passed_time":127.749181,"remaining_time":44.65187297},
{"learn":[1.770213149],"iteration":741,"passed_time":127.9507644,"remaining_time":44.48961888},
{"learn":[1.767993358],"iteration":742,"passed_time":128.107187,"remaining_time":44.31163803},
{"learn":[1.765507332],"iteration":743,"passed_time":128.2905825,"remaining_time":44.14299613},
{"learn":[1.764571112],"iteration":744,"passed_time":128.4756398,"remaining_time":43.97488344},
{"learn":[1.763412691],"iteration":745,"passed_time":128.6498225,"remaining_time":43.80302269},
{"learn":[1.760966166],"iteration":746,"passed_time":128.7649462,"remaining_time":43.61115313},
{"learn":[1.758985815],"iteration":747,"passed_time":128.9556983,"remaining_time":43.44496788},
{"learn":[1.758957645],"iteration":748,"passed_time":129.1442576,"remaining_time":43.2779822},
{"learn":[1.754482654],"iteration":749,"passed_time":129.3429321,"remaining_time":43.11431069},
{"learn":[1.750971902],"iteration":750,"passed_time":129.5102598,"remaining_time":42.94015272},
{"learn":[1.745440694],"iteration":751,"passed_time":129.6984649,"remaining_time":42.77289801},
{"learn":[1.742531973],"iteration":752,"passed_time":129.9185285,"remaining_time":42.61603791},
{"learn":[1.740556772],"iteration":753,"passed_time":130.1000231,"remaining_time":42.44642664},
{"learn":[1.738938145],"iteration":754,"passed_time":130.2456393,"remaining_time":42.26514124},
{"learn":[1.736890151],"iteration":755,"passed_time":130.4542185,"remaining_time":42.10427157},
{"learn":[1.733245986],"iteration":756,"passed_time":130.5865219,"remaining_time":41.91879104},
{"learn":[1.730026613],"iteration":757,"passed_time":130.7287943,"remaining_time":41.73663354},
{"learn":[1.729265574],"iteration":758,"passed_time":130.9371155,"remaining_time":41.57555314},
{"learn":[1.729204978],"iteration":759,"passed_time":131.0983456,"remaining_time":41.39947756},
{"learn":[1.728035344],"iteration":760,"passed_time":131.2587493,"remaining_time":41.22318146},
{"learn":[1.723483715],"iteration":761,"passed_time":131.4315866,"remaining_time":41.05081051},
{"learn":[1.719341306],"iteration":762,"passed_time":131.6370887,"remaining_time":40.88858457},
{"learn":[1.717599021],"iteration":763,"passed_time":131.8189255,"remaining_time":40.7189351},
{"learn":[1.716361175],"iteration":764,"passed_time":132.0049237,"remaining_time":40.55053212},
{"learn":[1.71342334],"iteration":765,"passed_time":132.1904837,"remaining_time":40.38194934},
{"learn":[1.712563516],"iteration":766,"passed_time":132.3488116,"remaining_time":40.20504968},
{"learn":[1.712004251],"iteration":767,"passed_time":132.4953361,"remaining_time":40.02463279},
{"learn":[1.710359354],"iteration":768,"passed_time":132.6317665,"remaining_time":39.84127186},
{"learn":[1.70883773],"iteration":769,"passed_time":132.8248784,"remaining_time":39.67496366},
{"learn":[1.706384341],"iteration":770,"passed_time":132.9437222,"remaining_time":39.4865271},
{"learn":[1.704976842],"iteration":771,"passed_time":133.1119539,"remaining_time":39.31285685},
{"learn":[1.703988591],"iteration":772,"passed_time":133.2760083,"remaining_time":39.13797399},
{"learn":[1.70200509],"iteration":773,"passed_time":133.3780118,"remaining_time":38.94500085},
{"learn":[1.701561504],"iteration":774,"passed_time":133.4827551,"remaining_time":38.75305793},
{"learn":[1.700853413],"iteration":775,"passed_time":133.580045,"remaining_time":38.55918824},
{"learn":[1.698965256],"iteration":776,"passed_time":133.7334845,"remaining_time":38.38168217},
{"learn":[1.698814003],"iteration":777,"passed_time":133.9145272,"remaining_time":38.21211443},
{"learn":[1.694902713],"iteration":778,"passed_time":134.0978019,"remaining_time":38.04315046},
{"learn":[1.694828127],"iteration":779,"passed_time":134.2606946,"remaining_time":37.86840105},
{"learn":[1.694159356],"iteration":780,"passed_time":134.4407147,"remaining_time":37.69848467},
{"learn":[1.69081752],"iteration":781,"passed_time":134.6199146,"remaining_time":37.52831378},
{"learn":[1.689610929],"iteration":782,"passed_time":134.8193643,"remaining_time":37.36373187},
{"learn":[1.689327232],"iteration":783,"passed_time":134.9508617,"remaining_time":37.18033945},
{"learn":[1.685391284],"iteration":784,"passed_time":135.1302559,"remaining_time":37.01019747},
{"learn":[1.682669251],"iteration":785,"passed_time":135.3045814,"remaining_time":36.83865193},
{"learn":[1.67908938],"iteration":786,"passed_time":135.4936549,"remaining_time":36.67109084},
{"learn":[1.676026071],"iteration":787,"passed_time":135.6896518,"remaining_time":36.50533781},
{"learn":[1.673382264],"iteration":788,"passed_time":135.8774418,"remaining_time":36.33731333},
{"learn":[1.672241371],"iteration":789,"passed_time":136.0668718,"remaining_time":36.16967478},
{"learn":[1.671819245],"iteration":790,"passed_time":136.2145949,"remaining_time":35.99096123},
{"learn":[1.67026118],"iteration":791,"passed_time":136.3893265,"remaining_time":35.81941908},
{"learn":[1.667278414],"iteration":792,"passed_time":136.5446729,"remaining_time":35.6428087},
{"learn":[1.666401044],"iteration":793,"passed_time":136.7310463,"remaining_time":35.47430168},
{"learn":[1.665531833],"iteration":794,"passed_time":136.8996648,"remaining_time":35.30117143},
{"learn":[1.664466481],"iteration":795,"passed_time":137.0979826,"remaining_time":35.13566389},
{"learn":[1.66275462],"iteration":796,"passed_time":137.2886763,"remaining_time":34.96813211},
{"learn":[1.660900661],"iteration":797,"passed_time":137.4187415,"remaining_time":34.78519522},
{"learn":[1.659421474],"iteration":798,"passed_time":137.5984656,"remaining_time":34.61488307},
{"learn":[1.658830209],"iteration":799,"passed_time":137.7675805,"remaining_time":34.44189512},
{"learn":[1.657139504],"iteration":800,"passed_time":137.9389266,"remaining_time":34.26947115},
{"learn":[1.655705966],"iteration":801,"passed_time":138.0849478,"remaining_time":34.09079758},
{"learn":[1.653695227],"iteration":802,"passed_time":138.2458278,"remaining_time":33.91585065},
{"learn":[1.652104792],"iteration":803,"passed_time":138.4280113,"remaining_time":33.7461321},
{"learn":[1.65032381],"iteration":804,"passed_time":138.6095312,"remaining_time":33.57622185},
{"learn":[1.649604564],"iteration":805,"passed_time":138.7779343,"remaining_time":33.40312562},
{"learn":[1.649143779],"iteration":806,"passed_time":138.8961769,"remaining_time":33.21804479},
{"learn":[1.648424024],"iteration":807,"passed_time":139.0973901,"remaining_time":33.05284516},
{"learn":[1.646515678],"iteration":808,"passed_time":139.2520629,"remaining_time":32.87656862},
{"learn":[1.645803592],"iteration":809,"passed_time":139.4187329,"remaining_time":32.70315957},
{"learn":[1.643256144],"iteration":810,"passed_time":139.6201176,"remaining_time":32.53785725},
{"learn":[1.642575075],"iteration":811,"passed_time":139.6920266,"remaining_time":32.34248893},
{"learn":[1.642047133],"iteration":812,"passed_time":139.8510475,"remaining_time":32.1674611},
{"learn":[1.641804138],"iteration":813,"passed_time":140.0201546,"remaining_time":31.99477733},
{"learn":[1.641359683],"iteration":814,"passed_time":140.2039748,"remaining_time":31.82544213},
{"learn":[1.640334649],"iteration":815,"passed_time":140.4080073,"remaining_time":31.66062909},
{"learn":[1.638203813],"iteration":816,"passed_time":140.5791629,"remaining_time":31.48835596},
{"learn":[1.636949221],"iteration":817,"passed_time":140.7576661,"remaining_time":31.31772033},
{"learn":[1.634106407],"iteration":818,"passed_time":140.9355432,"remaining_time":31.14692714},
{"learn":[1.634014874],"iteration":819,"passed_time":141.0756187,"remaining_time":30.96781875},
{"learn":[1.632902639],"iteration":820,"passed_time":141.2404914,"remaining_time":30.7942119},
{"learn":[1.629174793],"iteration":821,"passed_time":141.4296622,"remaining_time":30.62588793},
{"learn":[1.628688136],"iteration":822,"passed_time":141.6157517,"remaining_time":30.45685061},
{"learn":[1.627756555],"iteration":823,"passed_time":141.7596469,"remaining_time":30.27875953},
{"learn":[1.626968957],"iteration":824,"passed_time":141.9913152,"remaining_time":30.11936988},
{"learn":[1.625904942],"iteration":825,"passed_time":142.1635375,"remaining_time":29.94728272},
{"learn":[1.624182988],"iteration":826,"passed_time":142.3509014,"remaining_time":29.77836269},
{"learn":[1.623446325],"iteration":827,"passed_time":142.4694468,"remaining_time":29.59510247},
{"learn":[1.622290053],"iteration":828,"passed_time":142.6237943,"remaining_time":29.41938338},
{"learn":[1.62046577],"iteration":829,"passed_time":142.8347742,"remaining_time":29.2553152},
{"learn":[1.619912149],"iteration":830,"passed_time":143.0237433,"remaining_time":29.08665778},
{"learn":[1.619883909],"iteration":831,"passed_time":143.1624539,"remaining_time":28.90780318},
{"learn":[1.619467265],"iteration":832,"passed_time":143.3413453,"remaining_time":28.73710044},
{"learn":[1.618190525],"iteration":833,"passed_time":143.5174338,"remaining_time":28.56582016},
{"learn":[1.614947716],"iteration":834,"passed_time":143.6386902,"remaining_time":28.38369328},
{"learn":[1.61367564],"iteration":835,"passed_time":143.8007895,"remaining_time":28.20972426},
{"learn":[1.612839861],"iteration":836,"passed_time":143.9620104,"remaining_time":28.03561253},
{"learn":[1.611321973],"iteration":837,"passed_time":144.1391625,"remaining_time":27.86461136},
{"learn":[1.610786543],"iteration":838,"passed_time":144.3404618,"remaining_time":27.69822927},
{"learn":[1.610673624],"iteration":839,"passed_time":144.4955507,"remaining_time":27.52296204},
{"learn":[1.609569218],"iteration":840,"passed_time":144.6058201,"remaining_time":27.33926921},
{"learn":[1.603935493],"iteration":841,"passed_time":144.7789606,"remaining_time":27.16754843},
{"learn":[1.603021299],"iteration":842,"passed_time":144.9445365,"remaining_time":26.99441545},
{"learn":[1.600675919],"iteration":843,"passed_time":145.1348465,"remaining_time":26.8258721},
{"learn":[1.599252483],"iteration":844,"passed_time":145.2887658,"remaining_time":26.65060201},
{"learn":[1.598679172],"iteration":845,"passed_time":145.4579035,"remaining_time":26.47815265},
{"learn":[1.59824902],"iteration":846,"passed_time":145.6493683,"remaining_time":26.30974421},
{"learn":[1.597364986],"iteration":847,"passed_time":145.8441436,"remaining_time":26.14187479},
{"learn":[1.596849379],"iteration":848,"passed_time":145.9741957,"remaining_time":25.96243056},
{"learn":[1.59488812],"iteration":849,"passed_time":146.159251,"remaining_time":25.792809},
{"learn":[1.592842262],"iteration":850,"passed_time":146.3405644,"remaining_time":25.622496},
{"learn":[1.592333134],"iteration":851,"passed_time":146.4794399,"remaining_time":25.44478534},
{"learn":[1.591209485],"iteration":852,"passed_time":146.6868983,"remaining_time":25.27898482},
{"learn":[1.590401563],"iteration":853,"passed_time":146.7942625,"remaining_time":25.09597463},
{"learn":[1.587282637],"iteration":854,"passed_time":146.9796826,"remaining_time":24.92637892},
{"learn":[1.585565503],"iteration":855,"passed_time":147.1135162,"remaining_time":24.74806814},
{"learn":[1.584681017],"iteration":856,"passed_time":147.25442,"remaining_time":24.57104091},
{"learn":[1.583939279],"iteration":857,"passed_time":147.4520809,"remaining_time":24.40349125},
{"learn":[1.581531185],"iteration":858,"passed_time":147.6348599,"remaining_time":24.23342869},
{"learn":[1.57928594],"iteration":859,"passed_time":147.847882,"remaining_time":24.06825986},
{"learn":[1.576569949],"iteration":860,"passed_time":148.0331243,"remaining_time":23.8984951},
{"learn":[1.575849185],"iteration":861,"passed_time":148.2421888,"remaining_time":23.73250818},
{"learn":[1.573224005],"iteration":862,"passed_time":148.435841,"remaining_time":23.56397476},
{"learn":[1.572008234],"iteration":863,"passed_time":148.6007678,"remaining_time":23.3908616},
{"learn":[1.570034037],"iteration":864,"passed_time":148.7806666,"remaining_time":23.22010404},
{"learn":[1.569317651],"iteration":865,"passed_time":148.9456336,"remaining_time":23.04701489},
{"learn":[1.567400407],"iteration":866,"passed_time":149.0916792,"remaining_time":22.87104191},
{"learn":[1.566042551],"iteration":867,"passed_time":149.2412616,"remaining_time":22.69567573},
{"learn":[1.56299974],"iteration":868,"passed_time":149.4049912,"remaining_time":22.52250155},
{"learn":[1.562184983],"iteration":869,"passed_time":149.5352699,"remaining_time":22.34435067},
{"learn":[1.560823962],"iteration":870,"passed_time":149.7303108,"remaining_time":22.17590136},
{"learn":[1.560166192],"iteration":871,"passed_time":149.87073,"remaining_time":21.99937321},
{"learn":[1.559056399],"iteration":872,"passed_time":150.0829065,"remaining_time":21.83336669},
{"learn":[1.556102233],"iteration":873,"passed_time":150.2932517,"remaining_time":21.66699052},
{"learn":[1.554670218],"iteration":874,"passed_time":150.459484,"remaining_time":21.494212},
{"learn":[1.553413533],"iteration":875,"passed_time":150.673211,"remaining_time":21.32817142},
{"learn":[1.551677321],"iteration":876,"passed_time":150.8415277,"remaining_time":21.15565326},
{"learn":[1.550601654],"iteration":877,"passed_time":151.0077001,"remaining_time":20.98284671},
{"learn":[1.548269403],"iteration":878,"passed_time":151.1389533,"remaining_time":20.8052484},
{"learn":[1.547616627],"iteration":879,"passed_time":151.2938077,"remaining_time":20.63097378},
{"learn":[1.547503258],"iteration":880,"passed_time":151.4498575,"remaining_time":20.4569047},
{"learn":[1.544756237],"iteration":881,"passed_time":151.6116936,"remaining_time":20.28365061},
{"learn":[1.542681871],"iteration":882,"passed_time":151.7869411,"remaining_time":20.11219945},
{"learn":[1.541090857],"iteration":883,"passed_time":151.9632203,"remaining_time":19.94087506},
{"learn":[1.54101594],"iteration":884,"passed_time":152.1525456,"remaining_time":19.77123474},
{"learn":[1.539908493],"iteration":885,"passed_time":152.3322966,"remaining_time":19.60031807},
{"learn":[1.539180337],"iteration":886,"passed_time":152.4742905,"remaining_time":19.42457139},
{"learn":[1.538387224],"iteration":887,"passed_time":152.624552,"remaining_time":19.24994349},
{"learn":[1.538331499],"iteration":888,"passed_time":152.8183507,"remaining_time":19.08080644},
{"learn":[1.536530575],"iteration":889,"passed_time":152.9753284,"remaining_time":18.90706306},
{"learn":[1.536462961],"iteration":890,"passed_time":153.1609224,"remaining_time":18.73685807},
{"learn":[1.535950068],"iteration":891,"passed_time":153.3256356,"remaining_time":18.56409041},
{"learn":[1.534460979],"iteration":892,"passed_time":153.5020724,"remaining_time":18.39274552},
{"learn":[1.534042286],"iteration":893,"passed_time":153.6152407,"remaining_time":18.2138876},
{"learn":[1.531688453],"iteration":894,"passed_time":153.8030596,"remaining_time":18.04393437},
{"learn":[1.529666616],"iteration":895,"passed_time":154.0085389,"remaining_time":17.87599112},
{"learn":[1.528668034],"iteration":896,"passed_time":154.1638287,"remaining_time":17.70220106},
{"learn":[1.526301296],"iteration":897,"passed_time":154.358471,"remaining_time":17.5329221},
{"learn":[1.523013457],"iteration":898,"passed_time":154.5404389,"remaining_time":17.36216277},
{"learn":[1.521058673],"iteration":899,"passed_time":154.7564961,"remaining_time":17.19516623},
{"learn":[1.520452122],"iteration":900,"passed_time":154.9158583,"remaining_time":17.02183126},
{"learn":[1.520073969],"iteration":901,"passed_time":155.1138769,"remaining_time":16.8527272},
{"learn":[1.518404262],"iteration":902,"passed_time":155.2932763,"remaining_time":16.68155902},
{"learn":[1.513747901],"iteration":903,"passed_time":155.4948208,"remaining_time":16.51272433},
{"learn":[1.512244703],"iteration":904,"passed_time":155.6929327,"remaining_time":16.34345703},
{"learn":[1.510562274],"iteration":905,"passed_time":155.8808288,"remaining_time":16.17306612},
{"learn":[1.508854479],"iteration":906,"passed_time":156.1074993,"remaining_time":16.00661238},
{"learn":[1.507228384],"iteration":907,"passed_time":156.2553956,"remaining_time":15.83204449},
{"learn":[1.505418821],"iteration":908,"passed_time":156.4324562,"remaining_time":15.66045491},
{"learn":[1.504158239],"iteration":909,"passed_time":156.6034484,"remaining_time":15.48825314},
{"learn":[1.503369335],"iteration":910,"passed_time":156.7745116,"remaining_time":15.31606096},
{"learn":[1.503343384],"iteration":911,"passed_time":156.9419303,"remaining_time":15.14351959},
{"learn":[1.501854894],"iteration":912,"passed_time":157.0611166,"remaining_time":14.96639337},
{"learn":[1.500731104],"iteration":913,"passed_time":157.1988434,"remaining_time":14.79113844},
{"learn":[1.49899919],"iteration":914,"passed_time":157.3606618,"remaining_time":14.61820355},
{"learn":[1.496952128],"iteration":915,"passed_time":157.5077479,"remaining_time":14.44394195},
{"learn":[1.494559685],"iteration":916,"passed_time":157.6855529,"remaining_time":14.27252006},
{"learn":[1.492812469],"iteration":917,"passed_time":157.8458414,"remaining_time":14.0995196},
{"learn":[1.491873883],"iteration":918,"passed_time":158.048439,"remaining_time":13.93027591},
{"learn":[1.489766098],"iteration":919,"passed_time":158.2300905,"remaining_time":13.75913831},
{"learn":[1.489651154],"iteration":920,"passed_time":158.4143378,"remaining_time":13.58820053},
{"learn":[1.487447174],"iteration":921,"passed_time":158.5971726,"remaining_time":13.41711439},
{"learn":[1.48626925],"iteration":922,"passed_time":158.7793561,"remaining_time":13.24594845},
{"learn":[1.485791442],"iteration":923,"passed_time":158.9415874,"remaining_time":13.07311757},
{"learn":[1.484956919],"iteration":924,"passed_time":159.1384879,"remaining_time":12.90312064},
{"learn":[1.48291909],"iteration":925,"passed_time":159.3299389,"remaining_time":12.7326301},
{"learn":[1.48019818],"iteration":926,"passed_time":159.5280823,"remaining_time":12.56262137},
{"learn":[1.479538587],"iteration":927,"passed_time":159.7076129,"remaining_time":12.3911079},
{"learn":[1.478483135],"iteration":928,"passed_time":159.8238946,"remaining_time":12.21474329},
{"learn":[1.47761266],"iteration":929,"passed_time":159.9061994,"remaining_time":12.03595049},
{"learn":[1.476072157],"iteration":930,"passed_time":160.0971948,"remaining_time":11.86542045},
{"learn":[1.476005739],"iteration":931,"passed_time":160.2928169,"remaining_time":11.69518407},
{"learn":[1.475909568],"iteration":932,"passed_time":160.4743329,"remaining_time":11.52388028},
{"learn":[1.473604558],"iteration":933,"passed_time":160.6832716,"remaining_time":11.35449243},
{"learn":[1.470540937],"iteration":934,"passed_time":160.8674534,"remaining_time":11.1832989},
{"learn":[1.469550323],"iteration":935,"passed_time":161.0541162,"remaining_time":11.01224726},
{"learn":[1.467539112],"iteration":936,"passed_time":161.2360604,"remaining_time":10.84084504},
{"learn":[1.465629197],"iteration":937,"passed_time":161.3868081,"remaining_time":10.66735832},
{"learn":[1.464019874],"iteration":938,"passed_time":161.6147395,"remaining_time":10.49893409},
{"learn":[1.461830077],"iteration":939,"passed_time":161.7525017,"remaining_time":10.32462777},
{"learn":[1.461006647],"iteration":940,"passed_time":161.9265005,"remaining_time":10.15267113},
{"learn":[1.460290277],"iteration":941,"passed_time":162.1301089,"remaining_time":9.982533245},
{"learn":[1.458386436],"iteration":942,"passed_time":162.3272758,"remaining_time":9.811935018},
{"learn":[1.455579618],"iteration":943,"passed_time":162.5250508,"remaining_time":9.641316572},
{"learn":[1.455141498],"iteration":944,"passed_time":162.7190823,"remaining_time":9.470422778},
{"learn":[1.455099774],"iteration":945,"passed_time":162.9165314,"remaining_time":9.299675154},
{"learn":[1.454073371],"iteration":946,"passed_time":163.1407574,"remaining_time":9.130369739},
{"learn":[1.451934628],"iteration":947,"passed_time":163.3263133,"remaining_time":8.958827312},
{"learn":[1.451901518],"iteration":948,"passed_time":163.5039099,"remaining_time":8.786827613},
{"learn":[1.450802171],"iteration":949,"passed_time":163.6887889,"remaining_time":8.615199416},
{"learn":[1.448292491],"iteration":950,"passed_time":163.8829409,"remaining_time":8.444021138},
{"learn":[1.447192875],"iteration":951,"passed_time":164.0684342,"remaining_time":8.272358025},
{"learn":[1.445338751],"iteration":952,"passed_time":164.2462357,"remaining_time":8.100286547},
{"learn":[1.44320149],"iteration":953,"passed_time":164.3896685,"remaining_time":7.926545863},
{"learn":[1.441933695],"iteration":954,"passed_time":164.5439235,"remaining_time":7.753378593},
{"learn":[1.440963821],"iteration":955,"passed_time":164.7527471,"remaining_time":7.582762419},
{"learn":[1.43780674],"iteration":956,"passed_time":164.9292653,"remaining_time":7.410614847},
{"learn":[1.436595853],"iteration":957,"passed_time":165.1302557,"remaining_time":7.239531043},
{"learn":[1.43622354],"iteration":958,"passed_time":165.3088463,"remaining_time":7.067427216},
{"learn":[1.435088459],"iteration":959,"passed_time":165.5063399,"remaining_time":6.896097496},
{"learn":[1.432137046],"iteration":960,"passed_time":165.7127176,"remaining_time":6.725073869},
{"learn":[1.430878649],"iteration":961,"passed_time":165.888419,"remaining_time":6.552764991},
{"learn":[1.426941544],"iteration":962,"passed_time":166.0396914,"remaining_time":6.379510469},
{"learn":[1.425616109],"iteration":963,"passed_time":166.1910516,"remaining_time":6.20630483},
{"learn":[1.4244099],"iteration":964,"passed_time":166.3262081,"remaining_time":6.032556771},
{"learn":[1.424134204],"iteration":965,"passed_time":166.5179188,"remaining_time":5.860879129},
{"learn":[1.421334082],"iteration":966,"passed_time":166.6941843,"remaining_time":5.688632971},
{"learn":[1.421260487],"iteration":967,"passed_time":166.8706245,"remaining_time":5.516384282},
{"learn":[1.42042509],"iteration":968,"passed_time":167.0795399,"remaining_time":5.34516588},
{"learn":[1.41914142],"iteration":969,"passed_time":167.2599422,"remaining_time":5.172987903},
{"learn":[1.417405391],"iteration":970,"passed_time":167.405462,"remaining_time":4.999751183},
{"learn":[1.416690013],"iteration":971,"passed_time":167.5151555,"remaining_time":4.825539459},
{"learn":[1.415284229],"iteration":972,"passed_time":167.7064987,"remaining_time":4.65372607},
{"learn":[1.414910407],"iteration":973,"passed_time":167.8879203,"remaining_time":4.48160773},
{"learn":[1.413214881],"iteration":974,"passed_time":168.0722184,"remaining_time":4.30954406},
{"learn":[1.412498396],"iteration":975,"passed_time":168.2555993,"remaining_time":4.13743277},
{"learn":[1.412364464],"iteration":976,"passed_time":168.4684562,"remaining_time":3.965992315},
{"learn":[1.4112795],"iteration":977,"passed_time":168.688502,"remaining_time":3.79462888},
{"learn":[1.409378184],"iteration":978,"passed_time":168.8866624,"remaining_time":3.622696537},
{"learn":[1.408003666],"iteration":979,"passed_time":169.0695236,"remaining_time":3.450398441},
{"learn":[1.407902468],"iteration":980,"passed_time":169.2359189,"remaining_time":3.277759898},
{"learn":[1.407087529],"iteration":981,"passed_time":169.3532767,"remaining_time":3.104235215},
{"learn":[1.406409625],"iteration":982,"passed_time":169.5410477,"remaining_time":2.932042534},
{"learn":[1.405119381],"iteration":983,"passed_time":169.7154058,"remaining_time":2.759600094},
{"learn":[1.403331893],"iteration":984,"passed_time":169.8861767,"remaining_time":2.587099137},
{"learn":[1.402387688],"iteration":985,"passed_time":170.0728436,"remaining_time":2.414827394},
{"learn":[1.401471022],"iteration":986,"passed_time":170.2569184,"remaining_time":2.24249234},
{"learn":[1.400218461],"iteration":987,"passed_time":170.3864177,"remaining_time":2.06947066},
{"learn":[1.398401046],"iteration":988,"passed_time":170.5270488,"remaining_time":1.896660805},
{"learn":[1.396651796],"iteration":989,"passed_time":170.720031,"remaining_time":1.724444758},
{"learn":[1.396533881],"iteration":990,"passed_time":170.89451,"remaining_time":1.552018759},
{"learn":[1.395704225],"iteration":991,"passed_time":171.083188,"remaining_time":1.379703129},
{"learn":[1.393389911],"iteration":992,"passed_time":171.2079792,"remaining_time":1.206904184},
{"learn":[1.3928489],"iteration":993,"passed_time":171.3670128,"remaining_time":1.034408528},
{"learn":[1.392188523],"iteration":994,"passed_time":171.5801403,"remaining_time":0.8622117602},
{"learn":[1.392034232],"iteration":995,"passed_time":171.7214178,"remaining_time":0.6896442483},
{"learn":[1.390421113],"iteration":996,"passed_time":171.9048588,"remaining_time":0.5172663754},
{"learn":[1.389471448],"iteration":997,"passed_time":172.0975902,"remaining_time":0.3448849503},
{"learn":[1.388056211],"iteration":998,"passed_time":172.2328149,"remaining_time":0.1724052201},
{"learn":[1.384956226],"iteration":999,"passed_time":172.3480313,"remaining_time":0}
]}