{
"meta":{"test_sets":[],"test_metrics":[],"learn_metrics":[{"best_value":"Min","name":"RMSE"}],"launch_mode":"Train","parameters":"","iteration_count":1000,"learn_sets":["learn"],"name":"experiment"},
"iterations":[
{"learn":[8.121866873],"iteration":0,"passed_time":0.3233279761,"remaining_time":323.0046482},
{"learn":[8.017760896],"iteration":1,"passed_time":0.4608786131,"remaining_time":229.9784279},
{"learn":[7.919171197],"iteration":2,"passed_time":0.6273963322,"remaining_time":208.5047144},
{"learn":[7.845942145],"iteration":3,"passed_time":0.736045084,"remaining_time":183.2752259},
{"learn":[7.774084127],"iteration":4,"passed_time":0.8735919963,"remaining_time":173.8448073},
{"learn":[7.72149912],"iteration":5,"passed_time":0.9540783936,"remaining_time":158.0589872},
{"learn":[7.670477926],"iteration":6,"passed_time":1.089590487,"remaining_time":154.5661934},
{"learn":[7.607017509],"iteration":7,"passed_time":1.197779043,"remaining_time":148.5246013},
{"learn":[7.553717229],"iteration":8,"passed_time":1.30410941,"remaining_time":143.5969361},
{"learn":[7.502895766],"iteration":9,"passed_time":1.405998318,"remaining_time":139.1938335},
{"learn":[7.435914148],"iteration":10,"passed_time":1.531506242,"remaining_time":137.6963339},
{"learn":[7.399332081],"iteration":11,"passed_time":1.629708675,"remaining_time":134.1793476},
{"learn":[7.370127328],"iteration":12,"passed_time":1.72795749,"remaining_time":131.1918495},
{"learn":[7.33834715],"iteration":13,"passed_time":1.895466176,"remaining_time":133.494975},
{"learn":[7.28305019],"iteration":14,"passed_time":2.023189049,"remaining_time":132.8560809},
{"learn":[7.244607718],"iteration":15,"passed_time":2.155010635,"remaining_time":132.533154},
{"learn":[7.160062886],"iteration":16,"passed_time":2.299510493,"remaining_time":132.9658126},
{"learn":[7.117955793],"iteration":17,"passed_time":2.47091615,"remaining_time":134.8022033},
{"learn":[7.052171317],"iteration":18,"passed_time":2.563494448,"remaining_time":132.357266},
{"learn":[7.029470075],"iteration":19,"passed_time":2.730803758,"remaining_time":133.8093841},
{"learn":[7.002320573],"iteration":20,"passed_time":2.93217258,"remaining_time":136.6950931},
{"learn":[6.944192459],"iteration":21,"passed_time":3.105966208,"remaining_time":138.074316},
{"learn":[6.913863844],"iteration":22,"passed_time":3.261971065,"remaining_time":138.5628578},
{"learn":[6.894075171],"iteration":23,"passed_time":3.3796196,"remaining_time":137.4378637},
{"learn":[6.867806181],"iteration":24,"passed_time":3.530173673,"remaining_time":137.6767732},
{"learn":[6.85394553],"iteration":25,"passed_time":3.651998579,"remaining_time":136.8094852},
{"learn":[6.833730904],"iteration":26,"passed_time":3.779750911,"remaining_time":136.2110236},
{"learn":[6.768863129],"iteration":27,"passed_time":3.917806709,"remaining_time":136.0038615},
{"learn":[6.742312709],"iteration":28,"passed_time":4.071023756,"remaining_time":136.3091058},
{"learn":[6.715180797],"iteration":29,"passed_time":4.201679803,"remaining_time":135.8543136},
{"learn":[6.695748804],"iteration":30,"passed_time":4.325733654,"remaining_time":135.2140616},
{"learn":[6.650642795],"iteration":31,"passed_time":4.436911142,"remaining_time":134.2165621},
{"learn":[6.622251052],"iteration":32,"passed_time":4.587275542,"remaining_time":134.4210742},
{"learn":[6.599560197],"iteration":33,"passed_time":4.729673936,"remaining_time":134.378383},
{"learn":[6.572991034],"iteration":34,"passed_time":4.880981061,"remaining_time":134.5756207},
{"learn":[6.552207267],"iteration":35,"passed_time":5.067924664,"remaining_time":135.7077604},
{"learn":[6.538110284],"iteration":36,"passed_time":5.251276703,"remaining_time":136.6751207},
{"learn":[6.525115692],"iteration":37,"passed_time":5.415860087,"remaining_time":137.1067738},
{"learn":[6.50627653],"iteration":38,"passed_time":5.561654496,"remaining_time":137.0448711},
{"learn":[6.479758802],"iteration":39,"passed_time":5.750768972,"remaining_time":138.0184553},
{"learn":[6.441583133],"iteration":40,"passed_time":5.965486159,"remaining_time":139.5341763},
{"learn":[6.426675634],"iteration":41,"passed_time":6.104985538,"remaining_time":139.251813},
{"learn":[6.407562329],"iteration":42,"passed_time":6.232039741,"remaining_time":138.699117},
{"learn":[6.381994683],"iteration":43,"passed_time":6.367008371,"remaining_time":138.3377273},
{"learn":[6.348883003],"iteration":44,"passed_time":6.497604528,"remaining_time":137.8936072},
{"learn":[6.329244019],"iteration":45,"passed_time":6.643290484,"remaining_time":137.7760679},
{"learn":[6.306885285],"iteration":46,"passed_time":6.78207483,"remaining_time":137.5173896},
{"learn":[6.283307181],"iteration":47,"passed_time":6.955868236,"remaining_time":137.9580534},
{"learn":[6.263366274],"iteration":48,"passed_time":7.139525531,"remaining_time":138.5650771},
{"learn":[6.244582775],"iteration":49,"passed_time":7.28484139,"remaining_time":138.4119864},
{"learn":[6.225841438],"iteration":50,"passed_time":7.409859,"remaining_time":137.8814939},
{"learn":[6.20948513],"iteration":51,"passed_time":7.53420076,"remaining_time":137.3542754},
{"learn":[6.188061506],"iteration":52,"passed_time":7.712689459,"remaining_time":137.8097532},
{"learn":[6.174919838],"iteration":53,"passed_time":7.841568937,"remaining_time":137.3726706},
{"learn":[6.147081589],"iteration":54,"passed_time":8.022043045,"remaining_time":137.833285},
{"learn":[6.098749759],"iteration":55,"passed_time":8.25077851,"remaining_time":139.084552},
{"learn":[6.081560968],"iteration":56,"passed_time":8.424471288,"remaining_time":139.3732706},
{"learn":[6.060866728],"iteration":57,"passed_time":8.611388063,"remaining_time":139.8608199},
{"learn":[6.045566101],"iteration":58,"passed_time":8.796413373,"remaining_time":140.2953387},
{"learn":[6.035162663],"iteration":59,"passed_time":8.948082419,"remaining_time":140.1866246},
{"learn":[6.024680832],"iteration":60,"passed_time":9.17516946,"remaining_time":141.2374446},
{"learn":[6.008646273],"iteration":61,"passed_time":9.324434423,"remaining_time":141.0696692},
{"learn":[5.990693486],"iteration":62,"passed_time":9.501032616,"remaining_time":141.3090089},
{"learn":[5.97790677],"iteration":63,"passed_time":9.64277826,"remaining_time":141.025632},
{"learn":[5.963976658],"iteration":64,"passed_time":9.829043383,"remaining_time":141.3870087},
{"learn":[5.947810646],"iteration":65,"passed_time":9.969239359,"remaining_time":141.0798418},
{"learn":[5.932777808],"iteration":66,"passed_time":10.12693827,"remaining_time":141.0213941},
{"learn":[5.919678718],"iteration":67,"passed_time":10.30557046,"remaining_time":141.2469364},
{"learn":[5.896630517],"iteration":68,"passed_time":10.43789174,"remaining_time":140.8359016},
{"learn":[5.8785541],"iteration":69,"passed_time":10.5951308,"remaining_time":140.7638806},
{"learn":[5.860505675],"iteration":70,"passed_time":10.76713903,"remaining_time":140.8827065},
{"learn":[5.842176522],"iteration":71,"passed_time":10.90755371,"remaining_time":140.5862479},
{"learn":[5.83081745],"iteration":72,"passed_time":11.06046502,"remaining_time":140.4527545},
{"learn":[5.788866592],"iteration":73,"passed_time":11.23712822,"remaining_time":140.6159559},
{"learn":[5.774355721],"iteration":74,"passed_time":11.43698955,"remaining_time":141.0562045},
{"learn":[5.759377245],"iteration":75,"passed_time":11.65239749,"remaining_time":141.6686221},
{"learn":[5.746158728],"iteration":76,"passed_time":11.83842348,"remaining_time":141.907336},
{"learn":[5.733154819],"iteration":77,"passed_time":12.02477828,"remaining_time":142.1390458},
{"learn":[5.72373033],"iteration":78,"passed_time":12.24331256,"remaining_time":142.7353275},
{"learn":[5.711666129],"iteration":79,"passed_time":12.40028155,"remaining_time":142.6032378},
{"learn":[5.675343729],"iteration":80,"passed_time":12.56932802,"remaining_time":142.6075611},
{"learn":[5.664029349],"iteration":81,"passed_time":12.77172165,"remaining_time":142.9809814},
{"learn":[5.636528052],"iteration":82,"passed_time":12.94860297,"remaining_time":143.0586617},
{"learn":[5.614188736],"iteration":83,"passed_time":13.13573721,"remaining_time":143.2420868},
{"learn":[5.597460183],"iteration":84,"passed_time":13.33533997,"remaining_time":143.5510126},
{"learn":[5.582153701],"iteration":85,"passed_time":13.46882291,"remaining_time":143.145397},
{"learn":[5.558312216],"iteration":86,"passed_time":13.59833856,"remaining_time":142.7044035},
{"learn":[5.508178802],"iteration":87,"passed_time":13.79138472,"remaining_time":142.9288961},
{"learn":[5.493582351],"iteration":88,"passed_time":13.95027607,"remaining_time":142.7943989},
{"learn":[5.475492598],"iteration":89,"passed_time":14.12746484,"remaining_time":142.8443667},
{"learn":[5.465068066],"iteration":90,"passed_time":14.31941112,"remaining_time":143.036755},
{"learn":[5.457119303],"iteration":91,"passed_time":14.56107784,"remaining_time":143.7115074},
{"learn":[5.438118488],"iteration":92,"passed_time":14.84752283,"remaining_time":144.8032603},
{"learn":[5.429875209],"iteration":93,"passed_time":15.11042833,"remaining_time":145.6388092},
{"learn":[5.414248483],"iteration":94,"passed_time":15.37127527,"remaining_time":146.4316223},
{"learn":[5.3964706],"iteration":95,"passed_time":15.6072122,"remaining_time":146.9679149},
{"learn":[5.376616753],"iteration":96,"passed_time":15.90825986,"remaining_time":148.0944191},
{"learn":[5.361885289],"iteration":97,"passed_time":16.16207445,"remaining_time":148.7570526},
{"learn":[5.344708173],"iteration":98,"passed_time":16.47543824,"remaining_time":149.9431299},
{"learn":[5.334979178],"iteration":99,"passed_time":16.86147058,"remaining_time":151.7532352},
{"learn":[5.317639933],"iteration":100,"passed_time":17.10333193,"remaining_time":152.2365881},
{"learn":[5.304031923],"iteration":101,"passed_time":17.37731804,"remaining_time":152.9885451},
{"learn":[5.292725128],"iteration":102,"passed_time":17.64112081,"remaining_time":153.6318967},
{"learn":[5.218739152],"iteration":103,"passed_time":17.93757298,"remaining_time":154.5390903},
{"learn":[5.200172769],"iteration":104,"passed_time":18.11178227,"remaining_time":154.3813822},
{"learn":[5.182902295],"iteration":105,"passed_time":18.33313896,"remaining_time":154.6210022},
{"learn":[5.171873562],"iteration":106,"passed_time":18.57294528,"remaining_time":155.0059825},
{"learn":[5.144427098],"iteration":107,"passed_time":18.87459036,"remaining_time":155.8901352},
{"learn":[5.130989314],"iteration":108,"passed_time":19.06672355,"remaining_time":155.8573457},
{"learn":[5.075789837],"iteration":109,"passed_time":19.36712007,"remaining_time":156.6976078},
{"learn":[5.058889575],"iteration":110,"passed_time":19.62819423,"remaining_time":157.2023844},
{"learn":[5.04698688],"iteration":111,"passed_time":19.87016285,"remaining_time":157.5420054},
{"learn":[5.038087756],"iteration":112,"passed_time":20.1812043,"remaining_time":158.413524},
{"learn":[5.015379366],"iteration":113,"passed_time":20.4053595,"remaining_time":158.5890221},
{"learn":[5.000726335],"iteration":114,"passed_time":20.66149516,"remaining_time":159.0036802},
{"learn":[4.991769214],"iteration":115,"passed_time":20.83954419,"remaining_time":158.8116989},
{"learn":[4.978686683],"iteration":116,"passed_time":20.97236638,"remaining_time":158.2786283},
{"learn":[4.966466037],"iteration":117,"passed_time":21.09539296,"remaining_time":157.6791237},
{"learn":[4.953709345],"iteration":118,"passed_time":21.22254101,"remaining_time":157.1181398},
{"learn":[4.944621352],"iteration":119,"passed_time":21.37261859,"remaining_time":156.7325364},
{"learn":[4.936095825],"iteration":120,"passed_time":21.54075006,"remaining_time":156.4819777},
{"learn":[4.899720333],"iteration":121,"passed_time":21.70945472,"remaining_time":156.2368954},
{"learn":[4.881895315],"iteration":122,"passed_time":21.91423703,"remaining_time":156.2502917},
{"learn":[4.866902844],"iteration":123,"passed_time":22.11776702,"remaining_time":156.2513219},
{"learn":[4.847917596],"iteration":124,"passed_time":22.33481969,"remaining_time":156.3437379},
{"learn":[4.834234268],"iteration":125,"passed_time":22.49458804,"remaining_time":156.0338885},
{"learn":[4.8093383],"iteration":126,"passed_time":22.67897281,"remaining_time":155.8956162},
{"learn":[4.793876027],"iteration":127,"passed_time":22.84600546,"remaining_time":155.6384122},
{"learn":[4.782553771],"iteration":128,"passed_time":22.99370786,"remaining_time":155.2520895},
{"learn":[4.769501771],"iteration":129,"passed_time":23.12292512,"remaining_time":154.7457296},
{"learn":[4.760461633],"iteration":130,"passed_time":23.28762748,"remaining_time":154.4805212},
{"learn":[4.750245802],"iteration":131,"passed_time":23.47159615,"remaining_time":154.3435262},
{"learn":[4.739710367],"iteration":132,"passed_time":23.65393379,"remaining_time":154.1951925},
{"learn":[4.731601568],"iteration":133,"passed_time":23.77828294,"remaining_time":153.6715898},
{"learn":[4.727504505],"iteration":134,"passed_time":23.98533281,"remaining_time":153.6837991},
{"learn":[4.707337412],"iteration":135,"passed_time":24.18954453,"remaining_time":153.6747535},
{"learn":[4.699654265],"iteration":136,"passed_time":24.37019522,"remaining_time":153.5144414},
{"learn":[4.683054818],"iteration":137,"passed_time":24.49146949,"remaining_time":152.9829471},
{"learn":[4.672971365],"iteration":138,"passed_time":24.6251173,"remaining_time":152.534},
{"learn":[4.658160316],"iteration":139,"passed_time":24.77451862,"remaining_time":152.1863287},
{"learn":[4.648690159],"iteration":140,"passed_time":24.91588384,"remaining_time":151.7925122},
{"learn":[4.63647527],"iteration":141,"passed_time":25.10274839,"remaining_time":151.6771699},
{"learn":[4.631695223],"iteration":142,"passed_time":25.29237975,"remaining_time":151.5774087},
{"learn":[4.622271849],"iteration":143,"passed_time":25.47538295,"remaining_time":151.4369986},
{"learn":[4.602636387],"iteration":144,"passed_time":25.67900776,"remaining_time":151.4175975},
{"learn":[4.595559843],"iteration":145,"passed_time":25.86498809,"remaining_time":151.2924646},
{"learn":[4.584481096],"iteration":146,"passed_time":26.00014979,"remaining_time":150.8716175},
{"learn":[4.57544215],"iteration":147,"passed_time":26.12848702,"remaining_time":150.4153442},
{"learn":[4.544861646],"iteration":148,"passed_time":26.28773736,"remaining_time":150.1400302},
{"learn":[4.517634955],"iteration":149,"passed_time":26.49037379,"remaining_time":150.1121182},
{"learn":[4.50690283],"iteration":150,"passed_time":26.68880869,"remaining_time":150.0582687},
{"learn":[4.499116592],"iteration":151,"passed_time":26.85533704,"remaining_time":149.8245119},
{"learn":[4.490842402],"iteration":152,"passed_time":26.99368796,"remaining_time":149.4356451},
{"learn":[4.485849068],"iteration":153,"passed_time":27.19662511,"remaining_time":149.4048366},
{"learn":[4.479208784],"iteration":154,"passed_time":27.34854326,"remaining_time":149.0936713},
{"learn":[4.468687276],"iteration":155,"passed_time":27.51810917,"remaining_time":148.8800265},
{"learn":[4.454016504],"iteration":156,"passed_time":27.67534273,"remaining_time":148.6007256},
{"learn":[4.444468763],"iteration":157,"passed_time":27.82088117,"remaining_time":148.2606452},
{"learn":[4.434830962],"iteration":158,"passed_time":27.98991984,"remaining_time":148.0473118},
{"learn":[4.423158906],"iteration":159,"passed_time":28.16535561,"remaining_time":147.8681169},
{"learn":[4.41440363],"iteration":160,"passed_time":28.30881759,"remaining_time":147.5223475},
{"learn":[4.403060642],"iteration":161,"passed_time":28.45477835,"remaining_time":147.1920016},
{"learn":[4.397439495],"iteration":162,"passed_time":28.59483307,"remaining_time":146.8335907},
{"learn":[4.393492817],"iteration":163,"passed_time":28.76414397,"remaining_time":146.6269778},
{"learn":[4.387629531],"iteration":164,"passed_time":28.93284673,"remaining_time":146.4177395},
{"learn":[4.382350086],"iteration":165,"passed_time":29.12158891,"remaining_time":146.3096696},
{"learn":[4.370438439],"iteration":166,"passed_time":29.31952644,"remaining_time":146.2465001},
{"learn":[4.359510405],"iteration":167,"passed_time":29.47304647,"remaining_time":145.961754},
{"learn":[4.351589458],"iteration":168,"passed_time":29.653108,"remaining_time":145.8090695},
{"learn":[4.343608708],"iteration":169,"passed_time":29.82397736,"remaining_time":145.6111836},
{"learn":[4.331453961],"iteration":170,"passed_time":30.01567722,"remaining_time":145.5145989},
{"learn":[4.32028188],"iteration":171,"passed_time":30.20891197,"remaining_time":145.4242972},
{"learn":[4.314444146],"iteration":172,"passed_time":30.37418907,"remaining_time":145.1991582},
{"learn":[4.307882156],"iteration":173,"passed_time":30.53167251,"remaining_time":144.9377098},
{"learn":[4.2990392],"iteration":174,"passed_time":30.74944035,"remaining_time":144.9616474},
{"learn":[4.29375743],"iteration":175,"passed_time":31.05662673,"remaining_time":145.4014797},
{"learn":[4.282127382],"iteration":176,"passed_time":31.34122705,"remaining_time":145.7278523},
{"learn":[4.274163679],"iteration":177,"passed_time":31.5927622,"remaining_time":145.8946659},
{"learn":[4.268773862],"iteration":178,"passed_time":31.89696836,"remaining_time":146.2983856},
{"learn":[4.245284987],"iteration":179,"passed_time":32.21460014,"remaining_time":146.7554006},
{"learn":[4.23579277],"iteration":180,"passed_time":32.53276415,"remaining_time":147.2062643},
{"learn":[4.229224988],"iteration":181,"passed_time":32.84411943,"remaining_time":147.6180753},
{"learn":[4.205779459],"iteration":182,"passed_time":33.14364772,"remaining_time":147.9691813},
{"learn":[4.188976656],"iteration":183,"passed_time":33.45317354,"remaining_time":148.3575522},
{"learn":[4.181819635],"iteration":184,"passed_time":33.72729438,"remaining_time":148.582405},
{"learn":[4.176503371],"iteration":185,"passed_time":34.02760761,"remaining_time":148.9165193},
{"learn":[4.169135657],"iteration":186,"passed_time":34.29901091,"remaining_time":149.1181597},
{"learn":[4.156887652],"iteration":187,"passed_time":34.60354755,"remaining_time":149.4578756},
{"learn":[4.153301173],"iteration":188,"passed_time":34.83410254,"remaining_time":149.4733183},
{"learn":[4.145677578],"iteration":189,"passed_time":35.12319477,"remaining_time":149.7357251},
{"learn":[4.140008546],"iteration":190,"passed_time":35.40068591,"remaining_time":149.9432194},
{"learn":[4.132532632],"iteration":191,"passed_time":35.65992956,"remaining_time":150.0688702},
{"learn":[4.118872961],"iteration":192,"passed_time":35.92680748,"remaining_time":150.2224541},
{"learn":[4.116150487],"iteration":193,"passed_time":36.15597989,"remaining_time":150.2150505},
{"learn":[4.113079874],"iteration":194,"passed_time":36.38906546,"remaining_time":150.2215267},
{"learn":[4.100139314],"iteration":195,"passed_time":36.66631356,"remaining_time":150.4067148},
{"learn":[4.090774298],"iteration":196,"passed_time":36.96536601,"remaining_time":150.6760858},
{"learn":[4.085595374],"iteration":197,"passed_time":37.29738888,"remaining_time":151.073262},
{"learn":[4.07482843],"iteration":198,"passed_time":37.52405927,"remaining_time":151.0390526},
{"learn":[4.071387152],"iteration":199,"passed_time":37.79947572,"remaining_time":151.1979029},
{"learn":[4.066649878],"iteration":200,"passed_time":38.11154253,"remaining_time":151.4981218},
{"learn":[4.062152663],"iteration":201,"passed_time":38.35719676,"remaining_time":151.5299159},
{"learn":[4.05686411],"iteration":202,"passed_time":38.64354929,"remaining_time":151.7187625},
{"learn":[4.05348944],"iteration":203,"passed_time":38.88397579,"remaining_time":151.7237487},
{"learn":[4.040015676],"iteration":204,"passed_time":39.17281093,"remaining_time":151.9140716},
{"learn":[4.034150682],"iteration":205,"passed_time":39.47091048,"remaining_time":152.1354511},
{"learn":[4.027005858],"iteration":206,"passed_time":39.76036731,"remaining_time":152.3187018},
{"learn":[4.022337653],"iteration":207,"passed_time":40.04152622,"remaining_time":152.4658114},
{"learn":[4.011627237],"iteration":208,"passed_time":40.31351297,"remaining_time":152.5741089},
{"learn":[4.003745125],"iteration":209,"passed_time":40.59526171,"remaining_time":152.7155083},
{"learn":[3.994492429],"iteration":210,"passed_time":40.90234891,"remaining_time":152.9476459},
{"learn":[3.989417215],"iteration":211,"passed_time":41.27279373,"remaining_time":153.4101956},
{"learn":[3.980212529],"iteration":212,"passed_time":41.67832687,"remaining_time":153.9945692},
{"learn":[3.971661629],"iteration":213,"passed_time":42.00877533,"remaining_time":154.2939131},
{"learn":[3.96861819],"iteration":214,"passed_time":42.31419235,"remaining_time":154.4960046},
{"learn":[3.957063563],"iteration":215,"passed_time":42.63949387,"remaining_time":154.7655703},
{"learn":[3.949787976],"iteration":216,"passed_time":42.8505651,"remaining_time":154.6174768},
{"learn":[3.94033547],"iteration":217,"passed_time":43.09508445,"remaining_time":154.5887892},
{"learn":[3.930801007],"iteration":218,"passed_time":43.39473275,"remaining_time":154.7547319},
{"learn":[3.923561548],"iteration":219,"passed_time":43.67548105,"remaining_time":154.8494328},
{"learn":[3.917950198],"iteration":220,"passed_time":43.94701343,"remaining_time":154.908251},
{"learn":[3.912274293],"iteration":221,"passed_time":44.24080668,"remaining_time":155.0421063},
{"learn":[3.897091395],"iteration":222,"passed_time":44.51924003,"remaining_time":155.1186076},
{"learn":[3.88679012],"iteration":223,"passed_time":44.78439958,"remaining_time":155.1459557},
{"learn":[3.880160657],"iteration":224,"passed_time":45.02567526,"remaining_time":155.088437},
{"learn":[3.874583979],"iteration":225,"passed_time":45.43024009,"remaining_time":155.5885214},
{"learn":[3.854431945],"iteration":226,"passed_time":45.65367095,"remaining_time":155.4638222},
{"learn":[3.84975941],"iteration":227,"passed_time":45.89586969,"remaining_time":155.4018044},
{"learn":[3.840260846],"iteration":228,"passed_time":46.18363549,"remaining_time":155.4916287},
{"learn":[3.831969631],"iteration":229,"passed_time":46.48451257,"remaining_time":155.6220638},
{"learn":[3.828997552],"iteration":230,"passed_time":46.75468454,"remaining_time":155.6465472},
{"learn":[3.821784219],"iteration":231,"passed_time":47.04800498,"remaining_time":155.7451199},
{"learn":[3.808033851],"iteration":232,"passed_time":47.34711655,"remaining_time":155.8593923},
{"learn":[3.802579971],"iteration":233,"passed_time":47.61968241,"remaining_time":155.8832339},
{"learn":[3.796239328],"iteration":234,"passed_time":47.8542161,"remaining_time":155.780746},
{"learn":[3.786499211],"iteration":235,"passed_time":48.12111461,"remaining_time":155.7819134},
{"learn":[3.777635186],"iteration":236,"passed_time":48.36197021,"remaining_time":155.6969758},
{"learn":[3.770787636],"iteration":237,"passed_time":48.66515713,"remaining_time":155.810293},
{"learn":[3.764802149],"iteration":238,"passed_time":48.90869055,"remaining_time":155.730182},
{"learn":[3.755208594],"iteration":239,"passed_time":49.21396418,"remaining_time":155.8442199},
{"learn":[3.744190672],"iteration":240,"passed_time":49.52514918,"remaining_time":155.9733951},
{"learn":[3.739240892],"iteration":241,"passed_time":49.67005923,"remaining_time":155.5781194},
{"learn":[3.729027772],"iteration":242,"passed_time":49.78837754,"remaining_time":155.102065},
{"learn":[3.71812928],"iteration":243,"passed_time":49.90534244,"remaining_time":154.6247495},
{"learn":[3.715166589],"iteration":244,"passed_time":50.03428842,"remaining_time":154.187297},
{"learn":[3.703623836],"iteration":245,"passed_time":50.1982263,"remaining_time":153.8596042},
{"learn":[3.69860949],"iteration":246,"passed_time":50.32327493,"remaining_time":153.4146803},
{"learn":[3.674541152],"iteration":247,"passed_time":50.50479777,"remaining_time":153.1435803},
{"learn":[3.660025439],"iteration":248,"passed_time":50.71580074,"remaining_time":152.9621139},
{"learn":[3.655045671],"iteration":249,"passed_time":50.91711046,"remaining_time":152.7513314},
{"learn":[3.646937291],"iteration":250,"passed_time":51.09824369,"remaining_time":152.4804164},
{"learn":[3.635038391],"iteration":251,"passed_time":51.24305808,"remaining_time":152.1024105},
{"learn":[3.631533277],"iteration":252,"passed_time":51.37824653,"remaining_time":151.6978267},
{"learn":[3.622183832],"iteration":253,"passed_time":51.51736839,"remaining_time":151.3069166},
{"learn":[3.617342452],"iteration":254,"passed_time":51.71539641,"remaining_time":151.0900797},
{"learn":[3.609655944],"iteration":255,"passed_time":51.89200314,"remaining_time":150.8111341},
{"learn":[3.59931152],"iteration":256,"passed_time":52.11908757,"remaining_time":150.6789185},
{"learn":[3.577576463],"iteration":257,"passed_time":52.31591121,"remaining_time":150.4589384},
{"learn":[3.574611395],"iteration":258,"passed_time":52.50294078,"remaining_time":150.2111163},
{"learn":[3.56827499],"iteration":259,"passed_time":52.69496832,"remaining_time":149.9779867},
{"learn":[3.55803672],"iteration":260,"passed_time":52.87031783,"remaining_time":149.6979497},
{"learn":[3.549467071],"iteration":261,"passed_time":53.01829797,"remaining_time":149.3416179},
{"learn":[3.546165562],"iteration":262,"passed_time":53.1258427,"remaining_time":148.8735592},
{"learn":[3.538513133],"iteration":263,"passed_time":53.30433933,"remaining_time":148.6060369},
{"learn":[3.528631424],"iteration":264,"passed_time":53.45579368,"remaining_time":148.2641825},
{"learn":[3.523939974],"iteration":265,"passed_time":53.63867103,"remaining_time":148.0104682},
{"learn":[3.518790564],"iteration":266,"passed_time":53.7976578,"remaining_time":147.6916973},
{"learn":[3.508010776],"iteration":267,"passed_time":53.96045796,"remaining_time":147.3845344},
{"learn":[3.50705392],"iteration":268,"passed_time":54.10001982,"remaining_time":147.0152955},
{"learn":[3.506537944],"iteration":269,"passed_time":54.18477505,"remaining_time":146.499577},
{"learn":[3.502869021],"iteration":270,"passed_time":54.30225916,"remaining_time":146.0750809},
{"learn":[3.498110282],"iteration":271,"passed_time":54.43785072,"remaining_time":145.7013064},
{"learn":[3.489035741],"iteration":272,"passed_time":54.5394187,"remaining_time":145.2386718},
{"learn":[3.483408163],"iteration":273,"passed_time":54.72528859,"remaining_time":145.002042},
{"learn":[3.475941861],"iteration":274,"passed_time":54.88853475,"remaining_time":144.7061371},
{"learn":[3.470368171],"iteration":275,"passed_time":55.0779897,"remaining_time":144.479944},
{"learn":[3.462422076],"iteration":276,"passed_time":55.27088768,"remaining_time":144.2630029},
{"learn":[3.450528297],"iteration":277,"passed_time":55.44434507,"remaining_time":143.9957451},
{"learn":[3.442348227],"iteration":278,"passed_time":55.63217007,"remaining_time":143.766289},
{"learn":[3.436338296],"iteration":279,"passed_time":55.79583878,"remaining_time":143.475014},
{"learn":[3.433136561],"iteration":280,"passed_time":55.96113684,"remaining_time":143.1888163},
{"learn":[3.433075964],"iteration":281,"passed_time":56.13362067,"remaining_time":142.9217718},
{"learn":[3.428993016],"iteration":282,"passed_time":56.35117779,"remaining_time":142.7695918},
{"learn":[3.42244016],"iteration":283,"passed_time":56.56565529,"remaining_time":142.6091873},
{"learn":[3.419945587],"iteration":284,"passed_time":56.66223769,"remaining_time":142.1526314},
{"learn":[3.41543982],"iteration":285,"passed_time":56.8031397,"remaining_time":141.8092369},
{"learn":[3.41424133],"iteration":286,"passed_time":57.02320088,"remaining_time":141.6639102},
{"learn":[3.411768456],"iteration":287,"passed_time":57.18640485,"remaining_time":141.3775009},
{"learn":[3.406924158],"iteration":288,"passed_time":57.31305664,"remaining_time":141.0020182},
{"learn":[3.406497443],"iteration":289,"passed_time":57.38744563,"remaining_time":140.5002979},
{"learn":[3.397938746],"iteration":290,"passed_time":57.50931049,"remaining_time":140.117186},
{"learn":[3.39065104],"iteration":291,"passed_time":57.75143273,"remaining_time":140.0274465},
{"learn":[3.380856739],"iteration":292,"passed_time":57.87723318,"remaining_time":139.6559859},
{"learn":[3.373788262],"iteration":293,"passed_time":57.9945423,"remaining_time":139.2658057},
{"learn":[3.362998714],"iteration":294,"passed_time":58.10104352,"remaining_time":138.8516464},
{"learn":[3.356991598],"iteration":295,"passed_time":58.2359372,"remaining_time":138.5070939},
{"learn":[3.355000185],"iteration":296,"passed_time":58.41164174,"remaining_time":138.2605527},
{"learn":[3.351304378],"iteration":297,"passed_time":58.6016014,"remaining_time":138.0480677},
{"learn":[3.347696748],"iteration":298,"passed_time":58.78078775,"remaining_time":137.8104756},
{"learn":[3.339944332],"iteration":299,"passed_time":58.97993485,"remaining_time":137.619848},
{"learn":[3.334420697],"iteration":300,"passed_time":59.16913565,"remaining_time":137.4060658},
{"learn":[3.329128611],"iteration":301,"passed_time":59.31526346,"remaining_time":137.0928937},
{"learn":[3.327719126],"iteration":302,"passed_time":59.45084871,"remaining_time":136.7565728},
{"learn":[3.325112348],"iteration":303,"passed_time":59.56071646,"remaining_time":136.362693},
{"learn":[3.318727081],"iteration":304,"passed_time":59.70676248,"remaining_time":136.0531145},
{"learn":[3.316543658],"iteration":305,"passed_time":59.82766955,"remaining_time":135.6875904},
{"learn":[3.308693171],"iteration":306,"passed_time":59.99803383,"remaining_time":135.4353011},
{"learn":[3.301736787],"iteration":307,"passed_time":60.16976044,"remaining_time":135.1866046},
{"learn":[3.296578236],"iteration":308,"passed_time":60.27616478,"remaining_time":134.7923296},
{"learn":[3.287802141],"iteration":309,"passed_time":60.40874101,"remaining_time":134.4581655},
{"learn":[3.283376367],"iteration":310,"passed_time":60.57565696,"remaining_time":134.2013751},
{"learn":[3.277938077],"iteration":311,"passed_time":60.80454188,"remaining_time":134.0818103},
{"learn":[3.273706648],"iteration":312,"passed_time":60.98161523,"remaining_time":133.8478264},
{"learn":[3.265987678],"iteration":313,"passed_time":61.15213828,"remaining_time":133.5998945},
{"learn":[3.263604566],"iteration":314,"passed_time":61.32407586,"remaining_time":133.35553},
{"learn":[3.258851115],"iteration":315,"passed_time":61.51027241,"remaining_time":133.1424884},
{"learn":[3.256730785],"iteration":316,"passed_time":61.63868234,"remaining_time":132.8051105},
{"learn":[3.251634453],"iteration":317,"passed_time":61.83113467,"remaining_time":132.6063957},
{"learn":[3.251526357],"iteration":318,"passed_time":61.90966848,"remaining_time":132.1645274},
{"learn":[3.239192299],"iteration":319,"passed_time":62.07651883,"remaining_time":131.9126025},
{"learn":[3.233377505],"iteration":320,"passed_time":62.24106745,"remaining_time":131.6563389},
{"learn":[3.227014355],"iteration":321,"passed_time":62.40599262,"remaining_time":131.4014379},
{"learn":[3.219683979],"iteration":322,"passed_time":62.5460365,"remaining_time":131.0949434},
{"learn":[3.21314961],"iteration":323,"passed_time":62.74381497,"remaining_time":130.9099349},
{"learn":[3.207394176],"iteration":324,"passed_time":62.92253997,"remaining_time":130.6852753},
{"learn":[3.192778578],"iteration":325,"passed_time":63.05501937,"remaining_time":130.3652854},
{"learn":[3.187844006],"iteration":326,"passed_time":63.18144669,"remaining_time":130.0339866},
{"learn":[3.178858693],"iteration":327,"passed_time":63.33530193,"remaining_time":129.7601308},
{"learn":[3.175150141],"iteration":328,"passed_time":63.43996544,"remaining_time":129.3866772},
{"learn":[3.170344999],"iteration":329,"passed_time":63.64464836,"remaining_time":129.2179224},
{"learn":[3.167562532],"iteration":330,"passed_time":63.7770867,"remaining_time":128.9029335},
{"learn":[3.16488388],"iteration":331,"passed_time":63.90949328,"remaining_time":128.5889805},
{"learn":[3.163368635],"iteration":332,"passed_time":64.01212148,"remaining_time":128.2164716},
{"learn":[3.158077776],"iteration":333,"passed_time":64.12370606,"remaining_time":127.8634378},
{"learn":[3.155901587],"iteration":334,"passed_time":64.24886717,"remaining_time":127.538796},
{"learn":[3.152650392],"iteration":335,"passed_time":64.37783945,"remaining_time":127.2228732},
{"learn":[3.144839494],"iteration":336,"passed_time":64.50835633,"remaining_time":126.9110987},
{"learn":[3.138235234],"iteration":337,"passed_time":64.61818186,"remaining_time":126.559871},
{"learn":[3.129971721],"iteration":338,"passed_time":64.74768786,"remaining_time":126.2484415},
{"learn":[3.12155733],"iteration":339,"passed_time":64.87482993,"remaining_time":125.9334934},
{"learn":[3.112639166],"iteration":340,"passed_time":65.09214735,"remaining_time":125.7939153},
{"learn":[3.10806746],"iteration":341,"passed_time":65.23920167,"remaining_time":125.5186979},
{"learn":[3.103468144],"iteration":342,"passed_time":65.3755778,"remaining_time":125.2237744},
{"learn":[3.099891308],"iteration":343,"passed_time":65.49649933,"remaining_time":124.900301},
{"learn":[3.092095444],"iteration":344,"passed_time":65.71375014,"remaining_time":124.760888},
{"learn":[3.085292347],"iteration":345,"passed_time":65.85723433,"remaining_time":124.4815932},
{"learn":[3.079468604],"iteration":346,"passed_time":66.04128868,"remaining_time":124.279428},
{"learn":[3.072739667],"iteration":347,"passed_time":66.21239705,"remaining_time":124.0531117},
{"learn":[3.059680945],"iteration":348,"passed_time":66.39796678,"remaining_time":123.854087},
{"learn":[3.053569168],"iteration":349,"passed_time":66.55636883,"remaining_time":123.604685},
{"learn":[3.043853781],"iteration":350,"passed_time":66.75568465,"remaining_time":123.4314511},
{"learn":[3.039437228],"iteration":351,"passed_time":66.96743159,"remaining_time":123.2809536},
{"learn":[3.038323841],"iteration":352,"passed_time":67.16080427,"remaining_time":123.0964316},
{"learn":[3.03293137],"iteration":353,"passed_time":67.37715965,"remaining_time":122.9537998},
{"learn":[3.029147621],"iteration":354,"passed_time":67.55611719,"remaining_time":122.7428045},
{"learn":[3.021866826],"iteration":355,"passed_time":67.71061082,"remaining_time":122.4877342},
{"learn":[3.017911413],"iteration":356,"passed_time":67.81856266,"remaining_time":122.1494},
{"learn":[3.015905984],"iteration":357,"passed_time":68.00265447,"remaining_time":121.9488943},
{"learn":[3.012135382],"iteration":358,"passed_time":68.19976037,"remaining_time":121.771717},
{"learn":[3.007116975],"iteration":359,"passed_time":68.39760494,"remaining_time":121.5957421},
{"learn":[3.004877619],"iteration":360,"passed_time":68.58601406,"remaining_time":121.4029446},
{"learn":[3.001689197],"iteration":361,"passed_time":68.7931186,"remaining_time":121.2431206},
{"learn":[2.999743216],"iteration":362,"passed_time":68.96594321,"remaining_time":121.0228811},
{"learn":[2.995593885],"iteration":363,"passed_time":69.18794333,"remaining_time":120.8888241},
{"learn":[2.990670201],"iteration":364,"passed_time":69.36821248,"remaining_time":120.6816847},
{"learn":[2.988580374],"iteration":365,"passed_time":69.52075006,"remaining_time":120.4266545},
{"learn":[2.986463303],"iteration":366,"passed_time":69.63145868,"remaining_time":120.1000364},
{"learn":[2.979043033],"iteration":367,"passed_time":69.76319073,"remaining_time":119.8106971},
{"learn":[2.975127117],"iteration":368,"passed_time":69.88238453,"remaining_time":119.5007714},
{"learn":[2.97062968],"iteration":369,"passed_time":70.02909199,"remaining_time":119.2387242},
{"learn":[2.967521927],"iteration":370,"passed_time":70.13639825,"remaining_time":118.9104973},
{"learn":[2.960911393],"iteration":371,"passed_time":70.27049597,"remaining_time":118.6286868},
{"learn":[2.951093178],"iteration":372,"passed_time":70.42154411,"remaining_time":118.3761613},
{"learn":[2.947285531],"iteration":373,"passed_time":70.57610368,"remaining_time":118.1300559},
{"learn":[2.944154692],"iteration":374,"passed_time":70.72604577,"remaining_time":117.8767429},
{"learn":[2.939766864],"iteration":375,"passed_time":70.92303577,"remaining_time":117.7020594},
{"learn":[2.937107707],"iteration":376,"passed_time":71.08011931,"remaining_time":117.4613112},
{"learn":[2.933625371],"iteration":377,"passed_time":71.21668663,"remaining_time":117.1872463},
{"learn":[2.926222189],"iteration":378,"passed_time":71.37180368,"remaining_time":116.944301},
{"learn":[2.921576243],"iteration":379,"passed_time":71.51427513,"remaining_time":116.6811857},
{"learn":[2.91593978],"iteration":380,"passed_time":71.67383155,"remaining_time":116.4464612},
{"learn":[2.909277941],"iteration":381,"passed_time":71.85062341,"remaining_time":116.2400138},
{"learn":[2.904454732],"iteration":382,"passed_time":72.05284524,"remaining_time":116.074688},
{"learn":[2.90129857],"iteration":383,"passed_time":72.22979563,"remaining_time":115.8686305},
{"learn":[2.897874376],"iteration":384,"passed_time":72.38753123,"remaining_time":115.6320304},
{"learn":[2.896581912],"iteration":385,"passed_time":72.57125909,"remaining_time":115.4371841},
{"learn":[2.894047742],"iteration":386,"passed_time":72.69518442,"remaining_time":115.1476694},
{"learn":[2.887156203],"iteration":387,"passed_time":72.85123839,"remaining_time":114.9096853},
{"learn":[2.882988272],"iteration":388,"passed_time":73.01867722,"remaining_time":114.6900046},
{"learn":[2.87932102],"iteration":389,"passed_time":73.21059936,"remaining_time":114.5088862},
{"learn":[2.877481884],"iteration":390,"passed_time":73.36262473,"remaining_time":114.2655715},
{"learn":[2.871495404],"iteration":391,"passed_time":73.49936673,"remaining_time":113.9990178},
{"learn":[2.867138486],"iteration":392,"passed_time":73.66533769,"remaining_time":113.7782697},
{"learn":[2.863543176],"iteration":393,"passed_time":73.8432586,"remaining_time":113.5761795},
{"learn":[2.851923952],"iteration":394,"passed_time":74.03360654,"remaining_time":113.3932455},
{"learn":[2.847397274],"iteration":395,"passed_time":74.17059444,"remaining_time":113.1288865},
{"learn":[2.842426781],"iteration":396,"passed_time":74.35803799,"remaining_time":112.9418058},
{"learn":[2.837735895],"iteration":397,"passed_time":74.52395476,"remaining_time":112.7221627},
{"learn":[2.830196727],"iteration":398,"passed_time":74.63887513,"remaining_time":112.4259748},
{"learn":[2.822992774],"iteration":399,"passed_time":74.77230403,"remaining_time":112.158456},
{"learn":[2.817516921],"iteration":400,"passed_time":74.89501672,"remaining_time":111.8755985},
{"learn":[2.812431371],"iteration":401,"passed_time":75.15193052,"remaining_time":111.7931703},
{"learn":[2.80651687],"iteration":402,"passed_time":75.3360726,"remaining_time":111.6020728},
{"learn":[2.804180503],"iteration":403,"passed_time":75.43292341,"remaining_time":111.2822335},
{"learn":[2.794666352],"iteration":404,"passed_time":75.57552988,"remaining_time":111.0307167},
{"learn":[2.792833055],"iteration":405,"passed_time":75.77126205,"remaining_time":110.8574622},
{"learn":[2.787736569],"iteration":406,"passed_time":75.97822379,"remaining_time":110.7004587},
{"learn":[2.785488784],"iteration":407,"passed_time":76.13747464,"remaining_time":110.4739828},
{"learn":[2.78136694],"iteration":408,"passed_time":76.29845947,"remaining_time":110.2503412},
{"learn":[2.776306018],"iteration":409,"passed_time":76.50483729,"remaining_time":110.0923268},
{"learn":[2.769931288],"iteration":410,"passed_time":76.66342869,"remaining_time":109.8655949},
{"learn":[2.76334924],"iteration":411,"passed_time":76.85325706,"remaining_time":109.6837746},
{"learn":[2.760629229],"iteration":412,"passed_time":77.06767118,"remaining_time":109.5368595},
{"learn":[2.758714229],"iteration":413,"passed_time":77.30017824,"remaining_time":109.4152281},
{"learn":[2.753044417],"iteration":414,"passed_time":77.50907555,"remaining_time":109.2597812},
{"learn":[2.747365897],"iteration":415,"passed_time":77.73561814,"remaining_time":109.1288485},
{"learn":[2.742898332],"iteration":416,"passed_time":77.91887256,"remaining_time":108.9369369},
{"learn":[2.737510896],"iteration":417,"passed_time":78.06854953,"remaining_time":108.6983154},
{"learn":[2.733857661],"iteration":418,"passed_time":78.27118614,"remaining_time":108.5335541},
{"learn":[2.726152278],"iteration":419,"passed_time":78.50723774,"remaining_time":108.4147569},
{"learn":[2.722301289],"iteration":420,"passed_time":78.68246785,"remaining_time":108.2117551},
{"learn":[2.717125257],"iteration":421,"passed_time":78.88380178,"remaining_time":108.0446385},
{"learn":[2.715612685],"iteration":422,"passed_time":79.0247717,"remaining_time":107.7950196},
{"learn":[2.709588145],"iteration":423,"passed_time":79.21910987,"remaining_time":107.6184134},
{"learn":[2.707973776],"iteration":424,"passed_time":79.39312241,"remaining_time":107.4142244},
{"learn":[2.702353023],"iteration":425,"passed_time":79.56620275,"remaining_time":107.2089211},
{"learn":[2.699538027],"iteration":426,"passed_time":79.74996942,"remaining_time":107.0181089},
{"learn":[2.695682534],"iteration":427,"passed_time":79.95065524,"remaining_time":106.8499411},
{"learn":[2.692778551],"iteration":428,"passed_time":80.13890289,"remaining_time":106.6650666},
{"learn":[2.687861376],"iteration":429,"passed_time":80.28781516,"remaining_time":106.428034},
{"learn":[2.683852751],"iteration":430,"passed_time":80.48877291,"remaining_time":106.2601202},
{"learn":[2.682091875],"iteration":431,"passed_time":80.69765073,"remaining_time":106.1024667},
{"learn":[2.678266971],"iteration":432,"passed_time":80.88321513,"remaining_time":105.9140484},
{"learn":[2.67521439],"iteration":433,"passed_time":81.05904809,"remaining_time":105.7129521},
{"learn":[2.673155917],"iteration":434,"passed_time":81.23334089,"remaining_time":105.5099715},
{"learn":[2.667919463],"iteration":435,"passed_time":81.35072375,"remaining_time":105.233505},
{"learn":[2.659163007],"iteration":436,"passed_time":81.53612755,"remaining_time":105.0454},
{"learn":[2.657975851],"iteration":437,"passed_time":81.70494596,"remaining_time":104.8360265},
{"learn":[2.657030941],"iteration":438,"passed_time":81.88514954,"remaining_time":104.641387},
{"learn":[2.651249349],"iteration":439,"passed_time":82.08525368,"remaining_time":104.472141},
{"learn":[2.6446143],"iteration":440,"passed_time":82.28965809,"remaining_time":104.3082061},
{"learn":[2.642338915],"iteration":441,"passed_time":82.45721058,"remaining_time":104.0975645},
{"learn":[2.638329906],"iteration":442,"passed_time":82.61167941,"remaining_time":103.8706669},
{"learn":[2.631348165],"iteration":443,"passed_time":82.79369307,"remaining_time":103.6785886},
{"learn":[2.62444616],"iteration":444,"passed_time":82.97166807,"remaining_time":103.4815186},
{"learn":[2.614791251],"iteration":445,"passed_time":83.17140711,"remaining_time":103.3115685},
{"learn":[2.609667504],"iteration":446,"passed_time":83.30436585,"remaining_time":103.0588687},
{"learn":[2.607726271],"iteration":447,"passed_time":83.43291671,"remaining_time":102.8012724},
{"learn":[2.602951262],"iteration":448,"passed_time":83.63636395,"remaining_time":102.6361616},
{"learn":[2.598819266],"iteration":449,"passed_time":83.71544219,"remaining_time":102.3188738},
{"learn":[2.591942503],"iteration":450,"passed_time":83.85624606,"remaining_time":102.0777807},
{"learn":[2.579223212],"iteration":451,"passed_time":84.06841765,"remaining_time":101.9236568},
{"learn":[2.5751984],"iteration":452,"passed_time":84.22860382,"remaining_time":101.7065039},
{"learn":[2.569435234],"iteration":453,"passed_time":84.39022777,"remaining_time":101.4913312},
{"learn":[2.565139266],"iteration":454,"passed_time":84.5810266,"remaining_time":101.3113395},
{"learn":[2.562858584],"iteration":455,"passed_time":84.77724604,"remaining_time":101.1377672},
{"learn":[2.561489597],"iteration":456,"passed_time":84.91315614,"remaining_time":100.8924372},
{"learn":[2.558999204],"iteration":457,"passed_time":85.05413228,"remaining_time":100.6535801},
{"learn":[2.557414341],"iteration":458,"passed_time":85.20256998,"remaining_time":100.4239441},
{"learn":[2.553767351],"iteration":459,"passed_time":85.36000934,"remaining_time":100.2052284},
{"learn":[2.548060223],"iteration":460,"passed_time":85.58121147,"remaining_time":100.0613297},
{"learn":[2.545553733],"iteration":461,"passed_time":85.77855379,"remaining_time":99.88931156},
{"learn":[2.543900577],"iteration":462,"passed_time":85.97686724,"remaining_time":99.71831039},
{"learn":[2.541376503],"iteration":463,"passed_time":86.16891378,"remaining_time":99.53995212},
{"learn":[2.539753657],"iteration":464,"passed_time":86.35296683,"remaining_time":99.35233819},
{"learn":[2.535997874],"iteration":465,"passed_time":86.52839329,"remaining_time":99.15485411},
{"learn":[2.535141921],"iteration":466,"passed_time":86.71556339,"remaining_time":98.97086785},
{"learn":[2.532349678],"iteration":467,"passed_time":86.91883377,"remaining_time":98.80517001},
{"learn":[2.528343509],"iteration":468,"passed_time":87.07313946,"remaining_time":98.58387431},
{"learn":[2.524943074],"iteration":469,"passed_time":87.2404434,"remaining_time":98.37752128},
{"learn":[2.522681055],"iteration":470,"passed_time":87.45555529,"remaining_time":98.22502919},
{"learn":[2.520221892],"iteration":471,"passed_time":87.67093867,"remaining_time":98.07257546},
{"learn":[2.512542808],"iteration":472,"passed_time":87.88076187,"remaining_time":97.91366069},
{"learn":[2.509968068],"iteration":473,"passed_time":88.05645855,"remaining_time":97.71666076},
{"learn":[2.507639148],"iteration":474,"passed_time":88.2664349,"remaining_time":97.55763857},
{"learn":[2.505823592],"iteration":475,"passed_time":88.41733165,"remaining_time":97.33336509},
{"learn":[2.502503111],"iteration":476,"passed_time":88.6146833,"remaining_time":97.1603341},
{"learn":[2.499779603],"iteration":477,"passed_time":88.80346053,"remaining_time":96.97783765},
{"learn":[2.498052293],"iteration":478,"passed_time":88.92127179,"remaining_time":96.71812652},
{"learn":[2.498010635],"iteration":479,"passed_time":89.07069011,"remaining_time":96.49324762},
{"learn":[2.492776214],"iteration":480,"passed_time":89.24977628,"remaining_time":96.30069416},
{"learn":[2.48888797],"iteration":481,"passed_time":89.4188011,"remaining_time":96.09738376},
{"learn":[2.485132086],"iteration":482,"passed_time":89.60133292,"remaining_time":95.90867313},
{"learn":[2.483094362],"iteration":483,"passed_time":89.78912132,"remaining_time":95.72559215},
{"learn":[2.480359518],"iteration":484,"passed_time":89.97656954,"remaining_time":95.54213054},
{"learn":[2.475480936],"iteration":485,"passed_time":90.17429797,"remaining_time":95.36952502},
{"learn":[2.471730016],"iteration":486,"passed_time":90.38269569,"remaining_time":95.20805521},
{"learn":[2.469865617],"iteration":487,"passed_time":90.5562066,"remaining_time":95.00979054},
{"learn":[2.467626282],"iteration":488,"passed_time":90.74758738,"remaining_time":94.83030092},
{"learn":[2.461240203],"iteration":489,"passed_time":90.93729983,"remaining_time":94.64902635},
{"learn":[2.456287766],"iteration":490,"passed_time":91.13780887,"remaining_time":94.4789098},
{"learn":[2.451253747],"iteration":491,"passed_time":91.31604374,"remaining_time":94.28567118},
{"learn":[2.4487855],"iteration":492,"passed_time":91.49202638,"remaining_time":94.09017723},
{"learn":[2.44748096],"iteration":493,"passed_time":91.64195185,"remaining_time":93.86807214},
{"learn":[2.446385748],"iteration":494,"passed_time":91.80688427,"remaining_time":93.6615688},
{"learn":[2.441100091],"iteration":495,"passed_time":91.98733722,"remaining_time":93.47100395},
{"learn":[2.436993467],"iteration":496,"passed_time":92.16350575,"remaining_time":93.27614365},
{"learn":[2.428339821],"iteration":497,"passed_time":92.39051104,"remaining_time":93.1326035},
{"learn":[2.42303358],"iteration":498,"passed_time":92.56832062,"remaining_time":92.93933594},
{"learn":[2.419976575],"iteration":499,"passed_time":92.73201298,"remaining_time":92.73201298},
{"learn":[2.414041538],"iteration":500,"passed_time":92.88384872,"remaining_time":92.51305491},
{"learn":[2.41062417],"iteration":501,"passed_time":93.08210808,"remaining_time":92.34041798},
{"learn":[2.406419084],"iteration":502,"passed_time":93.26463319,"remaining_time":92.15213259},
{"learn":[2.40441103],"iteration":503,"passed_time":93.43927729,"remaining_time":91.95611416},
{"learn":[2.401130037],"iteration":504,"passed_time":93.62003524,"remaining_time":91.76617316},
{"learn":[2.399908048],"iteration":505,"passed_time":93.7981665,"remaining_time":91.57370405},
{"learn":[2.398421508],"iteration":506,"passed_time":93.99555946,"remaining_time":91.40002133},
{"learn":[2.393074142],"iteration":507,"passed_time":94.1944414,"remaining_time":91.22768734},
{"learn":[2.390807461],"iteration":508,"passed_time":94.41735512,"remaining_time":91.07843097},
{"learn":[2.38733414],"iteration":509,"passed_time":94.62786853,"remaining_time":90.91697173},
{"learn":[2.383200392],"iteration":510,"passed_time":94.82576009,"remaining_time":90.74324205},
{"learn":[2.378702776],"iteration":511,"passed_time":95.0184297,"remaining_time":90.5644408},
{"learn":[2.374850116],"iteration":512,"passed_time":95.24586424,"remaining_time":90.41858847},
{"learn":[2.368811052],"iteration":513,"passed_time":95.43787671,"remaining_time":90.23892622},
{"learn":[2.364167445],"iteration":514,"passed_time":95.64406555,"remaining_time":90.07256658},
{"learn":[2.356828455],"iteration":515,"passed_time":95.85183732,"remaining_time":89.90753733},
{"learn":[2.355211698],"iteration":516,"passed_time":96.00496734,"remaining_time":89.69129444},
{"learn":[2.348819021],"iteration":517,"passed_time":96.18160457,"remaining_time":89.49716874},
{"learn":[2.345516149],"iteration":518,"passed_time":96.39993342,"remaining_time":89.34174947},
{"learn":[2.341996075],"iteration":519,"passed_time":96.5844798,"remaining_time":89.15490443},
{"learn":[2.338898867],"iteration":520,"passed_time":96.79837552,"remaining_time":88.99505158},
{"learn":[2.33275696],"iteration":521,"passed_time":96.97487365,"remaining_time":88.80074637},
{"learn":[2.329496954],"iteration":522,"passed_time":97.15436482,"remaining_time":88.60923905},
{"learn":[2.323656463],"iteration":523,"passed_time":97.3573293,"remaining_time":88.43910066},
{"learn":[2.320521774],"iteration":524,"passed_time":97.56399322,"remaining_time":88.27218434},
{"learn":[2.317759602],"iteration":525,"passed_time":97.76254002,"remaining_time":88.09780223},
{"learn":[2.314641958],"iteration":526,"passed_time":97.96367949,"remaining_time":87.92565541},
{"learn":[2.312692793],"iteration":527,"passed_time":98.17891382,"remaining_time":87.76599872},
{"learn":[2.307721787],"iteration":528,"passed_time":98.36325785,"remaining_time":87.57862845},
{"learn":[2.303949953],"iteration":529,"passed_time":98.57998501,"remaining_time":87.4199867},
{"learn":[2.299158174],"iteration":530,"passed_time":98.80818688,"remaining_time":87.27126111},
{"learn":[2.296386108],"iteration":531,"passed_time":98.98683526,"remaining_time":87.07864455},
{"learn":[2.293235977],"iteration":532,"passed_time":99.14602742,"remaining_time":86.86903341},
{"learn":[2.290462519],"iteration":533,"passed_time":99.32619179,"remaining_time":86.67791269},
{"learn":[2.28788751],"iteration":534,"passed_time":99.50383711,"remaining_time":86.48464347},
{"learn":[2.286682272],"iteration":535,"passed_time":99.66700967,"remaining_time":86.2789039},
{"learn":[2.284346734],"iteration":536,"passed_time":99.85367587,"remaining_time":86.09357901},
{"learn":[2.281158221],"iteration":537,"passed_time":100.0459439,"remaining_time":85.91305966},
{"learn":[2.277734701],"iteration":538,"passed_time":100.2703166,"remaining_time":85.75995534},
{"learn":[2.273749802],"iteration":539,"passed_time":100.4457732,"remaining_time":85.56491792},
{"learn":[2.269156454],"iteration":540,"passed_time":100.630976,"remaining_time":85.37822176},
{"learn":[2.269050182],"iteration":541,"passed_time":100.7892858,"remaining_time":85.16880607},
{"learn":[2.262523514],"iteration":542,"passed_time":100.9709715,"remaining_time":84.97925229},
{"learn":[2.258569307],"iteration":543,"passed_time":101.1692486,"remaining_time":84.80363489},
{"learn":[2.256902202],"iteration":544,"passed_time":101.3849662,"remaining_time":84.64249471},
{"learn":[2.249354365],"iteration":545,"passed_time":101.5583657,"remaining_time":84.44596704},
{"learn":[2.242728841],"iteration":546,"passed_time":101.7306693,"remaining_time":84.24861641},
{"learn":[2.240187803],"iteration":547,"passed_time":101.8480559,"remaining_time":84.00606067},
{"learn":[2.238861475],"iteration":548,"passed_time":102.0104011,"remaining_time":83.80089414},
{"learn":[2.237306335],"iteration":549,"passed_time":102.1976748,"remaining_time":83.61627938},
{"learn":[2.232345952],"iteration":550,"passed_time":102.3684897,"remaining_time":83.41824298},
{"learn":[2.227891525],"iteration":551,"passed_time":102.5337986,"remaining_time":83.21583651},
{"learn":[2.226279067],"iteration":552,"passed_time":102.6939122,"remaining_time":83.00936487},
{"learn":[2.225469772],"iteration":553,"passed_time":102.8721847,"remaining_time":82.81767939},
{"learn":[2.219083827],"iteration":554,"passed_time":103.0640688,"remaining_time":82.63695606},
{"learn":[2.214911929],"iteration":555,"passed_time":103.2772277,"remaining_time":82.47318181},
{"learn":[2.210892422],"iteration":556,"passed_time":103.4561991,"remaining_time":82.28203983},
{"learn":[2.208867203],"iteration":557,"passed_time":103.6308991,"remaining_time":82.0875581},
{"learn":[2.204681777],"iteration":558,"passed_time":103.8041913,"remaining_time":81.89203647},
{"learn":[2.200168023],"iteration":559,"passed_time":103.9961146,"remaining_time":81.71123294},
{"learn":[2.195479622],"iteration":560,"passed_time":104.1567001,"remaining_time":81.50586689},
{"learn":[2.18988238],"iteration":561,"passed_time":104.3124763,"remaining_time":81.29691216},
{"learn":[2.187179392],"iteration":562,"passed_time":104.5263921,"remaining_time":81.13327416},
{"learn":[2.187128239],"iteration":563,"passed_time":104.7263877,"remaining_time":80.95869685},
{"learn":[2.182535978],"iteration":564,"passed_time":104.9046842,"remaining_time":80.76732325},
{"learn":[2.176620684],"iteration":565,"passed_time":105.1118766,"remaining_time":80.5981527},
{"learn":[2.175155741],"iteration":566,"passed_time":105.2552813,"remaining_time":80.38013542},
{"learn":[2.170245658],"iteration":567,"passed_time":105.4822076,"remaining_time":80.22590438},
{"learn":[2.166773752],"iteration":568,"passed_time":105.6645991,"remaining_time":80.03768401},
{"learn":[2.163786226],"iteration":569,"passed_time":105.8829368,"remaining_time":79.87660148},
{"learn":[2.161176995],"iteration":570,"passed_time":106.1032331,"remaining_time":79.71678985},
{"learn":[2.157114301],"iteration":571,"passed_time":106.3061475,"remaining_time":79.54376072},
{"learn":[2.155552464],"iteration":572,"passed_time":106.4818853,"remaining_time":79.35037529},
{"learn":[2.150794978],"iteration":573,"passed_time":106.6996636,"remaining_time":79.18825207},
{"learn":[2.149472789],"iteration":574,"passed_time":106.8787579,"remaining_time":78.99734276},
{"learn":[2.146821827],"iteration":575,"passed_time":107.0665784,"remaining_time":78.812898},
{"learn":[2.142202441],"iteration":576,"passed_time":107.1858655,"remaining_time":78.57819947},
{"learn":[2.139904331],"iteration":577,"passed_time":107.3729556,"remaining_time":78.39340359},
{"learn":[2.137007566],"iteration":578,"passed_time":107.5870188,"remaining_time":78.22821227},
{"learn":[2.135369351],"iteration":579,"passed_time":107.7448482,"remaining_time":78.02213148},
{"learn":[2.131061161],"iteration":580,"passed_time":107.8962069,"remaining_time":77.81155025},
{"learn":[2.127352113],"iteration":581,"passed_time":108.0619946,"remaining_time":77.61153563},
{"learn":[2.125060673],"iteration":582,"passed_time":108.2534227,"remaining_time":77.42997815},
{"learn":[2.123675527],"iteration":583,"passed_time":108.4497386,"remaining_time":77.25186862},
{"learn":[2.123316339],"iteration":584,"passed_time":108.5979581,"remaining_time":77.0395771},
{"learn":[2.122280337],"iteration":585,"passed_time":108.7828812,"remaining_time":76.85343481},
{"learn":[2.120062857],"iteration":586,"passed_time":109.0198588,"remaining_time":76.70392106},
{"learn":[2.118673219],"iteration":587,"passed_time":109.2007595,"remaining_time":76.51481785},
{"learn":[2.116091866],"iteration":588,"passed_time":109.3815868,"remaining_time":76.32569128},
{"learn":[2.114994968],"iteration":589,"passed_time":109.5796007,"remaining_time":76.14853606},
{"learn":[2.113410402],"iteration":590,"passed_time":109.7060788,"remaining_time":75.92180408},
{"learn":[2.113346941],"iteration":591,"passed_time":109.8707822,"remaining_time":75.7217553},
{"learn":[2.109798226],"iteration":592,"passed_time":110.0233768,"remaining_time":75.51351495},
{"learn":[2.106632479],"iteration":593,"passed_time":110.1514265,"remaining_time":75.28868546},
{"learn":[2.104650463],"iteration":594,"passed_time":110.3450459,"remaining_time":75.10881272},
{"learn":[2.102389949],"iteration":595,"passed_time":110.5883943,"remaining_time":74.96260282},
{"learn":[2.09777441],"iteration":596,"passed_time":110.7624055,"remaining_time":74.76926203},
{"learn":[2.097104904],"iteration":597,"passed_time":110.920902,"remaining_time":74.56555616},
{"learn":[2.092975868],"iteration":598,"passed_time":111.075883,"remaining_time":74.35964789},
{"learn":[2.090743484],"iteration":599,"passed_time":111.2249119,"remaining_time":74.14994126},
{"learn":[2.087179076],"iteration":600,"passed_time":111.3922534,"remaining_time":73.95259419},
{"learn":[2.085582923],"iteration":601,"passed_time":111.5370072,"remaining_time":73.7404134},
{"learn":[2.082628882],"iteration":602,"passed_time":111.7218614,"remaining_time":73.55485736},
{"learn":[2.0802467],"iteration":603,"passed_time":111.8650466,"remaining_time":73.34198416},
{"learn":[2.079862411],"iteration":604,"passed_time":111.9824855,"remaining_time":73.11253184},
{"learn":[2.07980448],"iteration":605,"passed_time":112.1249749,"remaining_time":72.89973613},
{"learn":[2.078017107],"iteration":606,"passed_time":112.2548704,"remaining_time":72.67901823},
{"learn":[2.074882839],"iteration":607,"passed_time":112.4146554,"remaining_time":72.47786994},
{"learn":[2.07345259],"iteration":608,"passed_time":112.5932283,"remaining_time":72.28891996},
{"learn":[2.07272738],"iteration":609,"passed_time":112.7518737,"remaining_time":72.08726348},
{"learn":[2.070212115],"iteration":610,"passed_time":112.9174339,"remaining_time":71.89015022},
{"learn":[2.067379973],"iteration":611,"passed_time":113.0943987,"remaining_time":71.70037041},
{"learn":[2.064937722],"iteration":612,"passed_time":113.2248751,"remaining_time":71.48128331},
{"learn":[2.059305358],"iteration":613,"passed_time":113.357001,"remaining_time":71.26352182},
{"learn":[2.057009984],"iteration":614,"passed_time":113.497641,"remaining_time":71.05136878},
{"learn":[2.053668177],"iteration":615,"passed_time":113.6446627,"remaining_time":70.84342612},
{"learn":[2.053572537],"iteration":616,"passed_time":113.7854288,"remaining_time":70.63179775},
{"learn":[2.04812399],"iteration":617,"passed_time":113.9690269,"remaining_time":70.44687422},
{"learn":[2.046671128],"iteration":618,"passed_time":114.1414791,"remaining_time":70.25509454},
{"learn":[2.043904217],"iteration":619,"passed_time":114.2448694,"remaining_time":70.02104901},
{"learn":[2.042619903],"iteration":620,"passed_time":114.3998552,"remaining_time":69.81891322},
{"learn":[2.038610182],"iteration":621,"passed_time":114.5427181,"remaining_time":69.60956181},
{"learn":[2.038539219],"iteration":622,"passed_time":114.6815774,"remaining_time":69.3980011},
{"learn":[2.034530434],"iteration":623,"passed_time":114.8227775,"remaining_time":69.1880839},
{"learn":[2.030213271],"iteration":624,"passed_time":114.9983205,"remaining_time":68.9989923},
{"learn":[2.026051455],"iteration":625,"passed_time":115.1491874,"remaining_time":68.79520142},
{"learn":[2.02265565],"iteration":626,"passed_time":115.2984272,"remaining_time":68.59061141},
{"learn":[2.019435206],"iteration":627,"passed_time":115.4339426,"remaining_time":68.37806791},
{"learn":[2.018318704],"iteration":628,"passed_time":115.6084359,"remaining_time":68.18875949},
{"learn":[2.014811739],"iteration":629,"passed_time":115.771532,"remaining_time":67.99280451},
{"learn":[2.012193775],"iteration":630,"passed_time":115.9464976,"remaining_time":67.80389481},
{"learn":[2.010571851],"iteration":631,"passed_time":116.1176747,"remaining_time":67.61282325},
{"learn":[2.008882215],"iteration":632,"passed_time":116.3165118,"remaining_time":67.43785121},
{"learn":[2.006746044],"iteration":633,"passed_time":116.4504759,"remaining_time":67.22535361},
{"learn":[2.001139214],"iteration":634,"passed_time":116.616021,"remaining_time":67.03125615},
{"learn":[1.998546448],"iteration":635,"passed_time":116.785088,"remaining_time":66.83926422},
{"learn":[1.994910795],"iteration":636,"passed_time":116.9471941,"remaining_time":66.6433775},
{"learn":[1.992841106],"iteration":637,"passed_time":117.0924571,"remaining_time":66.43803994},
{"learn":[1.991565398],"iteration":638,"passed_time":117.2427335,"remaining_time":66.23572267},
{"learn":[1.984954129],"iteration":639,"passed_time":117.3862358,"remaining_time":66.02975763},
{"learn":[1.983780787],"iteration":640,"passed_time":117.5604311,"remaining_time":65.84117748},
{"learn":[1.981435437],"iteration":641,"passed_time":117.7457832,"remaining_time":65.65886352},
{"learn":[1.979734713],"iteration":642,"passed_time":117.9126153,"remaining_time":65.46625766},
{"learn":[1.974700165],"iteration":643,"passed_time":118.0883247,"remaining_time":65.27863913},
{"learn":[1.973732829],"iteration":644,"passed_time":118.255844,"remaining_time":65.08654982},
{"learn":[1.970148873],"iteration":645,"passed_time":118.3997857,"remaining_time":64.88161632},
{"learn":[1.967502511],"iteration":646,"passed_time":118.5569288,"remaining_time":64.68407398},
{"learn":[1.963613954],"iteration":647,"passed_time":118.6791417,"remaining_time":64.46768192},
{"learn":[1.959659771],"iteration":648,"passed_time":118.8322234,"remaining_time":64.26827489},
{"learn":[1.958074503],"iteration":649,"passed_time":119.0038293,"remaining_time":64.07898502},
{"learn":[1.956820494],"iteration":650,"passed_time":119.1885016,"remaining_time":63.89675432},
{"learn":[1.954459754],"iteration":651,"passed_time":119.3702231,"remaining_time":63.71294116},
{"learn":[1.951026415],"iteration":652,"passed_time":119.5777548,"remaining_time":63.5428498},
{"learn":[1.947731439],"iteration":653,"passed_time":119.7595471,"remaining_time":63.35902642},
{"learn":[1.945063645],"iteration":654,"passed_time":119.9363993,"remaining_time":63.17260724},
{"learn":[1.94305268],"iteration":655,"passed_time":120.124359,"remaining_time":62.99204191},
{"learn":[1.942629359],"iteration":656,"passed_time":120.3579669,"remaining_time":62.83528563},
{"learn":[1.940403061],"iteration":657,"passed_time":120.7080492,"remaining_time":62.73883411},
{"learn":[1.93603064],"iteration":658,"passed_time":121.0035594,"remaining_time":62.61337445},
{"learn":[1.934935857],"iteration":659,"passed_time":121.2860247,"remaining_time":62.48067942},
{"learn":[1.929110274],"iteration":660,"passed_time":121.5988809,"remaining_time":62.36311744},
{"learn":[1.928349895],"iteration":661,"passed_time":121.9437285,"remaining_time":62.26129945},
{"learn":[1.927149144],"iteration":662,"passed_time":122.2218042,"remaining_time":62.12480848},
{"learn":[1.925528595],"iteration":663,"passed_time":122.508624,"remaining_time":61.99231576},
{"learn":[1.923755339],"iteration":664,"passed_time":122.7662475,"remaining_time":61.84465101},
{"learn":[1.920389806],"iteration":665,"passed_time":122.9745044,"remaining_time":61.67189862},
{"learn":[1.917736281],"iteration":666,"passed_time":123.2846508,"remaining_time":61.54990811},
{"learn":[1.916288682],"iteration":667,"passed_time":123.5415581,"remaining_time":61.40089417},
{"learn":[1.914628372],"iteration":668,"passed_time":123.8075968,"remaining_time":61.25607556},
{"learn":[1.91265277],"iteration":669,"passed_time":124.1009983,"remaining_time":61.1243723},
{"learn":[1.912575366],"iteration":670,"passed_time":124.3932926,"remaining_time":60.99164423},
{"learn":[1.911075416],"iteration":671,"passed_time":124.6160802,"remaining_time":60.82451534},
{"learn":[1.907870579],"iteration":672,"passed_time":124.8875222,"remaining_time":60.68086144},
{"learn":[1.904665024],"iteration":673,"passed_time":125.1263916,"remaining_time":60.52107368},
{"learn":[1.903842257],"iteration":674,"passed_time":125.3582376,"remaining_time":60.35766998},
{"learn":[1.901266446],"iteration":675,"passed_time":125.6497551,"remaining_time":60.22266367},
{"learn":[1.899392954],"iteration":676,"passed_time":125.9144647,"remaining_time":60.07440488},
{"learn":[1.896333164],"iteration":677,"passed_time":126.1645037,"remaining_time":59.91883508},
{"learn":[1.893757388],"iteration":678,"passed_time":126.4863206,"remaining_time":59.79692032},
{"learn":[1.892129617],"iteration":679,"passed_time":126.6936797,"remaining_time":59.62055516},
{"learn":[1.891368383],"iteration":680,"passed_time":126.8847858,"remaining_time":59.43648558},
{"learn":[1.888903496],"iteration":681,"passed_time":127.1598557,"remaining_time":59.2915456},
{"learn":[1.885372517],"iteration":682,"passed_time":127.4270849,"remaining_time":59.14258553},
{"learn":[1.883834319],"iteration":683,"passed_time":127.6781191,"remaining_time":58.98579771},
{"learn":[1.882838301],"iteration":684,"passed_time":127.977268,"remaining_time":58.85086046},
{"learn":[1.88126717],"iteration":685,"passed_time":128.2868073,"remaining_time":58.72020043},
{"learn":[1.880308472],"iteration":686,"passed_time":128.5290302,"remaining_time":58.55835003},
{"learn":[1.876992114],"iteration":687,"passed_time":128.8026716,"remaining_time":58.41051386},
{"learn":[1.87524312],"iteration":688,"passed_time":128.995625,"remaining_time":58.2258917},
{"learn":[1.872011521],"iteration":689,"passed_time":129.3166619,"remaining_time":58.09879013},
{"learn":[1.867417988],"iteration":690,"passed_time":129.5800479,"remaining_time":57.94534704},
{"learn":[1.863912491],"iteration":691,"passed_time":129.848148,"remaining_time":57.79368436},
{"learn":[1.86283682],"iteration":692,"passed_time":130.1441065,"remaining_time":57.65402699},
{"learn":[1.862581981],"iteration":693,"passed_time":130.4450655,"remaining_time":57.51612398},
{"learn":[1.860677951],"iteration":694,"passed_time":130.6518394,"remaining_time":57.33641871},
{"learn":[1.859370939],"iteration":695,"passed_time":130.9847639,"remaining_time":57.21173594},
{"learn":[1.858016224],"iteration":696,"passed_time":131.213404,"remaining_time":57.04112112},
{"learn":[1.856564342],"iteration":697,"passed_time":131.4842742,"remaining_time":56.88861148},
{"learn":[1.854848574],"iteration":698,"passed_time":131.8028945,"remaining_time":56.75632511},
{"learn":[1.85166218],"iteration":699,"passed_time":132.1378676,"remaining_time":56.63051469},
{"learn":[1.847555195],"iteration":700,"passed_time":132.3826278,"remaining_time":56.46562869},
{"learn":[1.846210827],"iteration":701,"passed_time":132.5273495,"remaining_time":56.25804863},
{"learn":[1.844853634],"iteration":702,"passed_time":132.7228774,"remaining_time":56.0721118},
{"learn":[1.839509199],"iteration":703,"passed_time":132.9204275,"remaining_time":55.88699791},
{"learn":[1.838185069],"iteration":704,"passed_time":133.1319378,"remaining_time":55.7076903},
{"learn":[1.837484217],"iteration":705,"passed_time":133.2943781,"remaining_time":55.50785715},
{"learn":[1.835077377],"iteration":706,"passed_time":133.5090058,"remaining_time":55.32975771},
{"learn":[1.835005932],"iteration":707,"passed_time":133.6944658,"remaining_time":55.13952543},
{"learn":[1.831932507],"iteration":708,"passed_time":133.8997273,"remaining_time":54.95743389},
{"learn":[1.831057593],"iteration":709,"passed_time":134.0934805,"remaining_time":54.77057652},
{"learn":[1.830735386],"iteration":710,"passed_time":134.284608,"remaining_time":54.58263252},
{"learn":[1.829977938],"iteration":711,"passed_time":134.4936112,"remaining_time":54.40191014},
{"learn":[1.829027931],"iteration":712,"passed_time":134.7083745,"remaining_time":54.22342705},
{"learn":[1.827282578],"iteration":713,"passed_time":134.8627477,"remaining_time":54.02065244},
{"learn":[1.823357656],"iteration":714,"passed_time":135.0242322,"remaining_time":53.82084781},
{"learn":[1.821012119],"iteration":715,"passed_time":135.2412666,"remaining_time":53.64318397},
{"learn":[1.817247076],"iteration":716,"passed_time":135.4220303,"remaining_time":53.45109426},
{"learn":[1.815128372],"iteration":717,"passed_time":135.6124576,"remaining_time":53.26283153},
{"learn":[1.813751406],"iteration":718,"passed_time":135.7913811,"remaining_time":53.07006686},
{"learn":[1.812656489],"iteration":719,"passed_time":135.988746,"remaining_time":52.88451232},
{"learn":[1.8086716],"iteration":720,"passed_time":136.1706141,"remaining_time":52.69292833},
{"learn":[1.808510177],"iteration":721,"passed_time":136.3612981,"remaining_time":52.50476576},
{"learn":[1.805916496],"iteration":722,"passed_time":136.5505498,"remaining_time":52.31604742},
{"learn":[1.80300112],"iteration":723,"passed_time":136.7544855,"remaining_time":52.1329254},
{"learn":[1.801095917],"iteration":724,"passed_time":136.9432855,"remaining_time":51.94400483},
{"learn":[1.800340762],"iteration":725,"passed_time":137.1389556,"remaining_time":51.75767746},
{"learn":[1.795921574],"iteration":726,"passed_time":137.3073255,"remaining_time":51.56107271},
{"learn":[1.793668429],"iteration":727,"passed_time":137.4794661,"remaining_time":51.36595437},
{"learn":[1.791305296],"iteration":728,"passed_time":137.6605726,"remaining_time":51.17423208},
{"learn":[1.78871956],"iteration":729,"passed_time":137.8754175,"remaining_time":50.99501743},
{"learn":[1.788186538],"iteration":730,"passed_time":138.1176291,"remaining_time":50.82577594},
{"learn":[1.785965902],"iteration":731,"passed_time":138.31754,"remaining_time":50.64084796},
{"learn":[1.784337497],"iteration":732,"passed_time":138.4869471,"remaining_time":50.44476791},
{"learn":[1.781665541],"iteration":733,"passed_time":138.6811575,"remaining_time":50.25774919},
{"learn":[1.779953191],"iteration":734,"passed_time":138.880015,"remaining_time":50.07238638},
{"learn":[1.779104174],"iteration":735,"passed_time":139.0463306,"remaining_time":49.87531423},
{"learn":[1.778089699],"iteration":736,"passed_time":139.2186714,"remaining_time":49.68047569},
{"learn":[1.776156954],"iteration":737,"passed_time":139.411912,"remaining_time":49.49311781},
{"learn":[1.775463873],"iteration":738,"passed_time":139.5958136,"remaining_time":49.30244565},
{"learn":[1.771902604],"iteration":739,"passed_time":139.7805958,"remaining_time":49.11210124},
{"learn":[1.771482076],"iteration":740,"passed_time":139.9795382,"remaining_time":48.92672118},
{"learn":[1.770213149],"iteration":741,"passed_time":140.1847144,"remaining_time":48.74347212},
{"learn":[1.767993358],"iteration":742,"passed_time":140.3836559,"remaining_time":48.55800751},
{"learn":[1.765507332],"iteration":743,"passed_time":140.5704253,"remaining_time":48.36831839},
{"learn":[1.764571112],"iteration":744,"passed_time":140.7720363,"remaining_time":48.18371711},
{"learn":[1.763412691],"iteration":745,"passed_time":140.9577971,"remaining_time":47.99367354},
{"learn":[1.760966166],"iteration":746,"passed_time":141.1396037,"remaining_time":47.80230217},
{"learn":[1.758985815],"iteration":747,"passed_time":141.3372788,"remaining_time":47.61630249},
{"learn":[1.758957645],"iteration":748,"passed_time":141.5247245,"remaining_time":47.42684358},
{"learn":[1.754482654],"iteration":749,"passed_time":141.7349872,"remaining_time":47.24499575},
{"learn":[1.750971902],"iteration":750,"passed_time":141.9130146,"remaining_time":47.05238434},
{"learn":[1.745440694],"iteration":751,"passed_time":142.0982788,"remaining_time":46.86219833},
{"learn":[1.742531973],"iteration":752,"passed_time":142.320167,"remaining_time":46.68403884},
{"learn":[1.740556772],"iteration":753,"passed_time":142.5250015,"remaining_time":46.50019942},
{"learn":[1.738938145],"iteration":754,"passed_time":142.7058576,"remaining_time":46.30852332},
{"learn":[1.736890151],"iteration":755,"passed_time":142.9146149,"remaining_time":46.125881},
{"learn":[1.733245986],"iteration":756,"passed_time":143.1258315,"remaining_time":45.94395914},
{"learn":[1.730026613],"iteration":757,"passed_time":143.3049573,"remaining_time":45.75171461},
{"learn":[1.729265574],"iteration":758,"passed_time":143.5036489,"remaining_time":45.56571725},
{"learn":[1.729204978],"iteration":759,"passed_time":143.7210094,"remaining_time":45.38558193},
{"learn":[1.728035344],"iteration":760,"passed_time":143.9012326,"remaining_time":45.1936854},
{"learn":[1.723483715],"iteration":761,"passed_time":144.0798512,"remaining_time":45.00131835},
{"learn":[1.719341306],"iteration":762,"passed_time":144.2956818,"remaining_time":44.82054599},
{"learn":[1.717599021],"iteration":763,"passed_time":144.4915296,"remaining_time":44.63350914},
{"learn":[1.716361175],"iteration":764,"passed_time":144.6835153,"remaining_time":44.44526288},
{"learn":[1.71342334],"iteration":765,"passed_time":144.8664175,"remaining_time":44.25423196},
{"learn":[1.712563516],"iteration":766,"passed_time":145.0656511,"remaining_time":44.06818345},
{"learn":[1.712004251],"iteration":767,"passed_time":145.2532753,"remaining_time":43.87859358},
{"learn":[1.710359354],"iteration":768,"passed_time":145.460252,"remaining_time":43.69482213},
{"learn":[1.70883773],"iteration":769,"passed_time":145.6532283,"remaining_time":43.50680846},
{"learn":[1.706384341],"iteration":770,"passed_time":145.8349267,"remaining_time":43.31543219},
{"learn":[1.704976842],"iteration":771,"passed_time":146.0404585,"remaining_time":43.13111987},
{"learn":[1.703988591],"iteration":772,"passed_time":146.2275652,"remaining_time":42.94134191},
{"learn":[1.70200509],"iteration":773,"passed_time":146.421139,"remaining_time":42.75345919},
{"learn":[1.701561504],"iteration":774,"passed_time":146.6259858,"remaining_time":42.56883459},
{"learn":[1.700853413],"iteration":775,"passed_time":146.8231432,"remaining_time":42.38193825},
{"learn":[1.698965256],"iteration":776,"passed_time":147.0127997,"remaining_time":42.19286271},
{"learn":[1.698814003],"iteration":777,"passed_time":147.1933802,"remaining_time":42.00119588},
{"learn":[1.694902713],"iteration":778,"passed_time":147.3575723,"remaining_time":41.80490819},
{"learn":[1.694828127],"iteration":779,"passed_time":147.5798822,"remaining_time":41.62509498},
{"learn":[1.694159356],"iteration":780,"passed_time":147.7571609,"remaining_time":41.43254575},
{"learn":[1.69081752],"iteration":781,"passed_time":147.9491778,"remaining_time":41.24414421},
{"learn":[1.689610929],"iteration":782,"passed_time":148.1359374,"remaining_time":41.05427638},
{"learn":[1.689327232],"iteration":783,"passed_time":148.27512,"remaining_time":40.85130857},
{"learn":[1.685391284],"iteration":784,"passed_time":148.4645096,"remaining_time":40.66225422},
{"learn":[1.682669251],"iteration":785,"passed_time":148.6513354,"remaining_time":40.47250098},
{"learn":[1.67908938],"iteration":786,"passed_time":148.8524609,"remaining_time":40.28662539},
{"learn":[1.676026071],"iteration":787,"passed_time":149.0628106,"remaining_time":40.1031927},
{"learn":[1.673382264],"iteration":788,"passed_time":149.2390483,"remaining_time":39.91056931},
{"learn":[1.672241371],"iteration":789,"passed_time":149.4499202,"remaining_time":39.72719398},
{"learn":[1.671819245],"iteration":790,"passed_time":149.6057139,"remaining_time":39.52919621},
{"learn":[1.67026118],"iteration":791,"passed_time":149.7992397,"remaining_time":39.34121447},
{"learn":[1.667278414],"iteration":792,"passed_time":149.9518124,"remaining_time":39.14252859},
{"learn":[1.666401044],"iteration":793,"passed_time":150.1565818,"remaining_time":38.95750107},
{"learn":[1.665531833],"iteration":794,"passed_time":150.330251,"remaining_time":38.76440435},
{"learn":[1.664466481],"iteration":795,"passed_time":150.5324735,"remaining_time":38.57867411},
{"learn":[1.66275462],"iteration":796,"passed_time":150.7641155,"remaining_time":38.40039579},
{"learn":[1.660900661],"iteration":797,"passed_time":150.9390783,"remaining_time":38.20763637},
{"learn":[1.659421474],"iteration":798,"passed_time":151.1248159,"remaining_time":38.01763203},
{"learn":[1.658830209],"iteration":799,"passed_time":151.3091286,"remaining_time":37.82728214},
{"learn":[1.657139504],"iteration":800,"passed_time":151.5138951,"remaining_time":37.64202888},
{"learn":[1.655705966],"iteration":801,"passed_time":151.6654799,"remaining_time":37.44359728},
{"learn":[1.653695227],"iteration":802,"passed_time":151.819046,"remaining_time":37.24576844},
{"learn":[1.652104792],"iteration":803,"passed_time":151.9897296,"remaining_time":37.05222264},
{"learn":[1.65032381],"iteration":804,"passed_time":152.1890804,"remaining_time":36.86567787},
{"learn":[1.649604564],"iteration":805,"passed_time":152.3928225,"remaining_time":36.68015826},
{"learn":[1.649143779],"iteration":806,"passed_time":152.533794,"remaining_time":36.47958146},
{"learn":[1.648424024],"iteration":807,"passed_time":152.7627093,"remaining_time":36.30004973},
{"learn":[1.646515678],"iteration":808,"passed_time":152.9261783,"remaining_time":36.10494445},
{"learn":[1.645803592],"iteration":809,"passed_time":153.0880537,"remaining_time":35.90954347},
{"learn":[1.643256144],"iteration":810,"passed_time":153.3109249,"remaining_time":35.72843995},
{"learn":[1.642575075],"iteration":811,"passed_time":153.4440486,"remaining_time":35.5264546},
{"learn":[1.642047133],"iteration":812,"passed_time":153.6331987,"remaining_time":35.33752541},
{"learn":[1.641804138],"iteration":813,"passed_time":153.8086767,"remaining_time":35.14547157},
{"learn":[1.641359683],"iteration":814,"passed_time":153.9941768,"remaining_time":34.95573339},
{"learn":[1.640334649],"iteration":815,"passed_time":154.2074843,"remaining_time":34.77227587},
{"learn":[1.638203813],"iteration":816,"passed_time":154.3827262,"remaining_time":34.58021897},
{"learn":[1.636949221],"iteration":817,"passed_time":154.5571204,"remaining_time":34.38801456},
{"learn":[1.634106407],"iteration":818,"passed_time":154.7492677,"remaining_time":34.19977711},
{"learn":[1.634014874],"iteration":819,"passed_time":154.9073133,"remaining_time":34.00404438},
{"learn":[1.632902639],"iteration":820,"passed_time":155.0881481,"remaining_time":33.81337213},
{"learn":[1.629174793],"iteration":821,"passed_time":155.2683527,"remaining_time":33.62258732},
{"learn":[1.628688136],"iteration":822,"passed_time":155.463693,"remaining_time":33.43508342},
{"learn":[1.627756555],"iteration":823,"passed_time":155.6491302,"remaining_time":33.24544529},
{"learn":[1.626968957],"iteration":824,"passed_time":155.8768294,"remaining_time":33.064782},
{"learn":[1.625904942],"iteration":825,"passed_time":156.016654,"remaining_time":32.86549371},
{"learn":[1.624182988],"iteration":826,"passed_time":156.166714,"remaining_time":32.66849035},
{"learn":[1.623446325],"iteration":827,"passed_time":156.3198436,"remaining_time":32.47223804},
{"learn":[1.622290053],"iteration":828,"passed_time":156.4933095,"remaining_time":32.28028459},
{"learn":[1.62046577],"iteration":829,"passed_time":156.6907361,"remaining_time":32.0932833},
{"learn":[1.619912149],"iteration":830,"passed_time":156.8719044,"remaining_time":31.90295048},
{"learn":[1.619883909],"iteration":831,"passed_time":157.0171709,"remaining_time":31.70539027},
{"learn":[1.619467265],"iteration":832,"passed_time":157.2140462,"remaining_time":31.51830219},
{"learn":[1.618190525],"iteration":833,"passed_time":157.4243622,"remaining_time":31.33386586},
{"learn":[1.614947716],"iteration":834,"passed_time":157.6173131,"remaining_time":31.14593612},
{"learn":[1.61367564],"iteration":835,"passed_time":157.7852739,"remaining_time":30.95309201},
{"learn":[1.612839861],"iteration":836,"passed_time":157.9635432,"remaining_time":30.76231487},
{"learn":[1.611321973],"iteration":837,"passed_time":158.1454726,"remaining_time":30.57227512},
{"learn":[1.610786543],"iteration":838,"passed_time":158.3784148,"remaining_time":30.39204385},
{"learn":[1.610673624],"iteration":839,"passed_time":158.5471807,"remaining_time":30.199463},
{"learn":[1.609569218],"iteration":840,"passed_time":158.6741671,"remaining_time":29.99903991},
{"learn":[1.603935493],"iteration":841,"passed_time":158.8858306,"remaining_time":29.8146808},
{"learn":[1.603021299],"iteration":842,"passed_time":159.0539875,"remaining_time":29.62215426},
{"learn":[1.600675919],"iteration":843,"passed_time":159.2491992,"remaining_time":29.43468611},
{"learn":[1.599252483],"iteration":844,"passed_time":159.4069479,"remaining_time":29.24032772},
{"learn":[1.598679172],"iteration":845,"passed_time":159.5375823,"remaining_time":29.04112018},
{"learn":[1.59824902],"iteration":846,"passed_time":159.7291921,"remaining_time":28.853089},
{"learn":[1.597364986],"iteration":847,"passed_time":159.916425,"remaining_time":28.66426486},
{"learn":[1.596849379],"iteration":848,"passed_time":160.0938651,"remaining_time":28.47370274},
{"learn":[1.59488812],"iteration":849,"passed_time":160.293526,"remaining_time":28.28709283},
{"learn":[1.592842262],"iteration":850,"passed_time":160.4709303,"remaining_time":28.09655536},
{"learn":[1.592333134],"iteration":851,"passed_time":160.6178822,"remaining_time":27.90075888},
{"learn":[1.591209485],"iteration":852,"passed_time":160.8380832,"remaining_time":27.71770015},
{"learn":[1.590401563],"iteration":853,"passed_time":161.0147788,"remaining_time":27.52711674},
{"learn":[1.587282637],"iteration":854,"passed_time":161.2210852,"remaining_time":27.34158756},
{"learn":[1.585565503],"iteration":855,"passed_time":161.3880454,"remaining_time":27.14939082},
{"learn":[1.584681017],"iteration":856,"passed_time":161.5204597,"remaining_time":26.95148861},
{"learn":[1.583939279],"iteration":857,"passed_time":161.7240072,"remaining_time":26.76551167},
{"learn":[1.581531185],"iteration":858,"passed_time":161.9282094,"remaining_time":26.5796013},
{"learn":[1.57928594],"iteration":859,"passed_time":162.1451739,"remaining_time":26.39572598},
{"learn":[1.576569949],"iteration":860,"passed_time":162.3175002,"remaining_time":26.2045674},
{"learn":[1.575849185],"iteration":861,"passed_time":162.5178378,"remaining_time":26.01793692},
{"learn":[1.573224005],"iteration":862,"passed_time":162.6762388,"remaining_time":25.82461728},
{"learn":[1.572008234],"iteration":863,"passed_time":162.7924465,"remaining_time":25.62473695},
{"learn":[1.570034037],"iteration":864,"passed_time":162.9692204,"remaining_time":25.43450261},
{"learn":[1.569317651],"iteration":865,"passed_time":163.146564,"remaining_time":25.2443875},
{"learn":[1.567400407],"iteration":866,"passed_time":163.3136181,"remaining_time":25.05272342},
{"learn":[1.566042551],"iteration":867,"passed_time":163.4709313,"remaining_time":24.85963472},
{"learn":[1.56299974],"iteration":868,"passed_time":163.6469504,"remaining_time":24.66944822},
{"learn":[1.562184983],"iteration":869,"passed_time":163.80383,"remaining_time":24.47643437},
{"learn":[1.560823962],"iteration":870,"passed_time":164.0136765,"remaining_time":24.29134818},
{"learn":[1.560166192],"iteration":871,"passed_time":164.1481104,"remaining_time":24.09513547},
{"learn":[1.559056399],"iteration":872,"passed_time":164.3632084,"remaining_time":23.91079893},
{"learn":[1.556102233],"iteration":873,"passed_time":164.55884,"remaining_time":23.72358563},
{"learn":[1.554670218],"iteration":874,"passed_time":164.7054114,"remaining_time":23.52934449},
{"learn":[1.553413533],"iteration":875,"passed_time":164.8886153,"remaining_time":23.34039759},
{"learn":[1.551677321],"iteration":876,"passed_time":165.0736614,"remaining_time":23.15172218},
{"learn":[1.550601654],"iteration":877,"passed_time":165.2364573,"remaining_time":22.95996331},
{"learn":[1.548269403],"iteration":878,"passed_time":165.4373447,"remaining_time":22.77351389},
{"learn":[1.547616627],"iteration":879,"passed_time":165.6587458,"remaining_time":22.58982898},
{"learn":[1.547503258],"iteration":880,"passed_time":165.8280863,"remaining_time":22.39902641},
{"learn":[1.544756237],"iteration":881,"passed_time":166.007373,"remaining_time":22.20960319},
{"learn":[1.542681871],"iteration":882,"passed_time":166.1800737,"remaining_time":22.01933026},
{"learn":[1.541090857],"iteration":883,"passed_time":166.3582182,"remaining_time":21.82981144},
{"learn":[1.54101594],"iteration":884,"passed_time":166.5440872,"remaining_time":21.64132207},
{"learn":[1.539908493],"iteration":885,"passed_time":166.7297314,"remaining_time":21.45280968},
{"learn":[1.539180337],"iteration":886,"passed_time":166.8819891,"remaining_time":21.26005047},
{"learn":[1.538387224],"iteration":887,"passed_time":167.0418846,"remaining_time":21.0683458},
{"learn":[1.538331499],"iteration":888,"passed_time":167.2518872,"remaining_time":20.88296904},
{"learn":[1.536530575],"iteration":889,"passed_time":167.4456402,"remaining_time":20.69552856},
{"learn":[1.536462961],"iteration":890,"passed_time":167.6394639,"remaining_time":20.50808257},
{"learn":[1.535950068],"iteration":891,"passed_time":167.7939046,"remaining_time":20.31585391},
{"learn":[1.534460979],"iteration":892,"passed_time":167.986592,"remaining_time":20.12829266},
{"learn":[1.534042286],"iteration":893,"passed_time":168.1239143,"remaining_time":19.93415538},
{"learn":[1.531688453],"iteration":894,"passed_time":168.2855606,"remaining_time":19.74299873},
{"learn":[1.529666616],"iteration":895,"passed_time":168.4893608,"remaining_time":19.5568008},
{"learn":[1.528668034],"iteration":896,"passed_time":168.6665464,"remaining_time":19.36750755},
{"learn":[1.526301296],"iteration":897,"passed_time":168.8423753,"remaining_time":19.17808718},
{"learn":[1.523013457],"iteration":898,"passed_time":169.0083672,"remaining_time":18.98759186},
{"learn":[1.521058673],"iteration":899,"passed_time":169.2136915,"remaining_time":18.80152127},
{"learn":[1.520452122],"iteration":900,"passed_time":169.3730544,"remaining_time":18.6103578},
{"learn":[1.520073969],"iteration":901,"passed_time":169.5915528,"remaining_time":18.42568977},
{"learn":[1.518404262],"iteration":902,"passed_time":169.7730695,"remaining_time":18.23697424},
{"learn":[1.513747901],"iteration":903,"passed_time":169.967224,"remaining_time":18.04961671},
{"learn":[1.512244703],"iteration":904,"passed_time":170.1505515,"remaining_time":17.86110761},
{"learn":[1.510562274],"iteration":905,"passed_time":170.3587363,"remaining_time":17.67518898},
{"learn":[1.508854479],"iteration":906,"passed_time":170.6065625,"remaining_time":17.4932859},
{"learn":[1.507228384],"iteration":907,"passed_time":170.783436,"remaining_time":17.30404859},
{"learn":[1.505418821],"iteration":908,"passed_time":170.9557705,"remaining_time":17.11438406},
{"learn":[1.504158239],"iteration":909,"passed_time":171.1579509,"remaining_time":16.92770943},
{"learn":[1.503369335],"iteration":910,"passed_time":171.3364426,"remaining_time":16.73868649},
{"learn":[1.503343384],"iteration":911,"passed_time":171.5040473,"remaining_time":16.54863614},
{"learn":[1.501854894],"iteration":912,"passed_time":171.7016928,"remaining_time":16.36149756},
{"learn":[1.500731104],"iteration":913,"passed_time":171.879675,"remaining_time":16.17248583},
{"learn":[1.49899919],"iteration":914,"passed_time":172.0734664,"remaining_time":15.98496683},
{"learn":[1.496952128],"iteration":915,"passed_time":172.263993,"remaining_time":15.79713473},
{"learn":[1.494559685],"iteration":916,"passed_time":172.4649542,"remaining_time":15.61024122},
{"learn":[1.492812469],"iteration":917,"passed_time":172.6191066,"remaining_time":15.41913588},
{"learn":[1.491873883],"iteration":918,"passed_time":172.8214369,"remaining_time":15.23235733},
{"learn":[1.489766098],"iteration":919,"passed_time":173.0052843,"remaining_time":15.04393776},
{"learn":[1.489651154],"iteration":920,"passed_time":173.1528014,"remaining_time":14.85241184},
{"learn":[1.487447174],"iteration":921,"passed_time":173.2978071,"remaining_time":14.66076893},
{"learn":[1.48626925],"iteration":922,"passed_time":173.493512,"remaining_time":14.47345658},
{"learn":[1.485791442],"iteration":923,"passed_time":173.6459882,"remaining_time":14.28257046},
{"learn":[1.484956919],"iteration":924,"passed_time":173.8433426,"remaining_time":14.09540616},
{"learn":[1.48291909],"iteration":925,"passed_time":174.0323327,"remaining_time":13.90755143},
{"learn":[1.48019818],"iteration":926,"passed_time":174.2374633,"remaining_time":13.72096529},
{"learn":[1.479538587],"iteration":927,"passed_time":174.4265247,"remaining_time":13.53309243},
{"learn":[1.478483135],"iteration":928,"passed_time":174.5801535,"remaining_time":13.34250904},
{"learn":[1.47761266],"iteration":929,"passed_time":174.6650757,"remaining_time":13.14683366},
{"learn":[1.476072157],"iteration":930,"passed_time":174.8429596,"remaining_time":12.95828594},
{"learn":[1.476005739],"iteration":931,"passed_time":175.0677487,"remaining_time":12.77318338},
{"learn":[1.475909568],"iteration":932,"passed_time":175.2620967,"remaining_time":12.58580973},
{"learn":[1.473604558],"iteration":933,"passed_time":175.4768414,"remaining_time":12.39986246},
{"learn":[1.470540937],"iteration":934,"passed_time":175.6606119,"remaining_time":12.21170029},
{"learn":[1.469550323],"iteration":935,"passed_time":175.8550199,"remaining_time":12.02427487},
{"learn":[1.467539112],"iteration":936,"passed_time":176.0455538,"remaining_time":11.83657405},
{"learn":[1.465629197],"iteration":937,"passed_time":176.2364652,"remaining_time":11.64889215},
{"learn":[1.464019874],"iteration":938,"passed_time":176.4762486,"remaining_time":11.46437823},
{"learn":[1.461830077],"iteration":939,"passed_time":176.6297656,"remaining_time":11.27424036},
{"learn":[1.461006647],"iteration":940,"passed_time":176.8375452,"remaining_time":11.08758253},
{"learn":[1.460290277],"iteration":941,"passed_time":177.0331726,"remaining_time":10.90013164},
{"learn":[1.458386436],"iteration":942,"passed_time":177.1979256,"remaining_time":10.7107972},
{"learn":[1.455579618],"iteration":943,"passed_time":177.3516092,"remaining_time":10.52085817},
{"learn":[1.455141498],"iteration":944,"passed_time":177.5482163,"remaining_time":10.33349407},
{"learn":[1.455099774],"iteration":945,"passed_time":177.7465351,"remaining_time":10.14620814},
{"learn":[1.454073371],"iteration":946,"passed_time":177.9408667,"remaining_time":9.958675752},
{"learn":[1.451934628],"iteration":947,"passed_time":178.0845903,"remaining_time":9.768353057},
{"learn":[1.451901518],"iteration":948,"passed_time":178.2452723,"remaining_time":9.579039923},
{"learn":[1.450802171],"iteration":949,"passed_time":178.3882699,"remaining_time":9.388856308},
{"learn":[1.448292491],"iteration":950,"passed_time":178.5489961,"remaining_time":9.199685394},
{"learn":[1.447192875],"iteration":951,"passed_time":178.6915836,"remaining_time":9.009659677},
{"learn":[1.445338751],"iteration":952,"passed_time":178.9133016,"remaining_time":8.823636073},
{"learn":[1.44320149],"iteration":953,"passed_time":179.0856379,"remaining_time":8.635156544},
{"learn":[1.441933695],"iteration":954,"passed_time":179.2432984,"remaining_time":8.446019296},
{"learn":[1.440963821],"iteration":955,"passed_time":179.4509181,"remaining_time":8.259247276},
{"learn":[1.43780674],"iteration":956,"passed_time":179.5947419,"remaining_time":8.069565204},
{"learn":[1.436595853],"iteration":957,"passed_time":179.7937048,"remaining_time":7.882396246},
{"learn":[1.43622354],"iteration":958,"passed_time":179.9570831,"remaining_time":7.693681343},
{"learn":[1.435088459],"iteration":959,"passed_time":180.1630898,"remaining_time":7.506795407},
{"learn":[1.432137046],"iteration":960,"passed_time":180.3819875,"remaining_time":7.320392831},
{"learn":[1.430878649],"iteration":961,"passed_time":180.5390973,"remaining_time":7.131482014},
{"learn":[1.426941544],"iteration":962,"passed_time":180.7062926,"remaining_time":6.943024743},
{"learn":[1.425616109],"iteration":963,"passed_time":180.8762427,"remaining_time":6.754714458},
{"learn":[1.4244099],"iteration":964,"passed_time":181.023663,"remaining_time":6.565625082},
{"learn":[1.424134204],"iteration":965,"passed_time":181.2348793,"remaining_time":6.378867388},
{"learn":[1.421334082],"iteration":966,"passed_time":181.4091759,"remaining_time":6.190799178},
{"learn":[1.421260487],"iteration":967,"passed_time":181.5848424,"remaining_time":6.002804709},
{"learn":[1.42042509],"iteration":968,"passed_time":181.7863911,"remaining_time":5.815663698},
{"learn":[1.41914142],"iteration":969,"passed_time":181.9750648,"remaining_time":5.628094788},
{"learn":[1.417405391],"iteration":970,"passed_time":182.1615731,"remaining_time":5.440458927},
{"learn":[1.416690013],"iteration":971,"passed_time":182.3570355,"remaining_time":5.253083327},
{"learn":[1.415284229],"iteration":972,"passed_time":182.5207946,"remaining_time":5.064811362},
{"learn":[1.414910407],"iteration":973,"passed_time":182.6885437,"remaining_time":4.876696239},
{"learn":[1.413214881],"iteration":974,"passed_time":182.8230425,"remaining_time":4.687770321},
{"learn":[1.412498396],"iteration":975,"passed_time":182.9485814,"remaining_time":4.498735607},
{"learn":[1.412364464],"iteration":976,"passed_time":183.1302447,"remaining_time":4.311152127},
{"learn":[1.4112795],"iteration":977,"passed_time":183.321057,"remaining_time":4.123786557},
{"learn":[1.409378184],"iteration":978,"passed_time":183.4462315,"remaining_time":3.935005987},
{"learn":[1.408003666],"iteration":979,"passed_time":183.5554583,"remaining_time":3.746029761},
{"learn":[1.407902468],"iteration":980,"passed_time":183.6912788,"remaining_time":3.55773119},
{"learn":[1.407087529],"iteration":981,"passed_time":183.8187068,"remaining_time":3.369385665},
{"learn":[1.406409625],"iteration":982,"passed_time":183.9509172,"remaining_time":3.181246787},
{"learn":[1.405119381],"iteration":983,"passed_time":184.0742566,"remaining_time":2.993077344},
{"learn":[1.403331893],"iteration":984,"passed_time":184.1958158,"remaining_time":2.805012423},
{"learn":[1.402387688],"iteration":985,"passed_time":184.324662,"remaining_time":2.61718587},
{"learn":[1.401471022],"iteration":986,"passed_time":184.4825795,"remaining_time":2.429861736},
{"learn":[1.400218461],"iteration":987,"passed_time":184.6224179,"remaining_time":2.242377545},
{"learn":[1.398401046],"iteration":988,"passed_time":184.7745347,"remaining_time":2.05512627},
{"learn":[1.396651796],"iteration":989,"passed_time":184.9390105,"remaining_time":1.868070814},
{"learn":[1.396533881],"iteration":990,"passed_time":185.1230117,"remaining_time":1.681238249},
{"learn":[1.395704225],"iteration":991,"passed_time":185.2914666,"remaining_time":1.494286021},
{"learn":[1.393389911],"iteration":992,"passed_time":185.4455175,"remaining_time":1.307269509},
{"learn":[1.3928489],"iteration":993,"passed_time":185.6590953,"remaining_time":1.120678644},
{"learn":[1.392188523],"iteration":994,"passed_time":185.8729279,"remaining_time":0.9340348136},
{"learn":[1.392034232],"iteration":995,"passed_time":186.019429,"remaining_time":0.74706598},
{"learn":[1.390421113],"iteration":996,"passed_time":186.2059174,"remaining_time":0.5602986482},
{"learn":[1.389471448],"iteration":997,"passed_time":186.3918708,"remaining_time":0.3735308032},
{"learn":[1.388056211],"iteration":998,"passed_time":186.5551212,"remaining_time":0.186741863},
{"learn":[1.384956226],"iteration":999,"passed_time":186.6731847,"remaining_time":0}
]}